Date,Total Individuals in Shelter,Easter,Thanksgiving,Christmas,Temperature
1/1/2014,50689,0,0,0,2.17
1/2/2014,50797,0,0,0,2.51
1/3/2014,50954,0,0,0,-6.35
1/4/2014,50957,0,0,0,-1.27
1/5/2014,50957,0,0,0,7.18
1/6/2014,50910,0,0,0,9.89
1/7/2014,51082,0,0,0,-6.95
1/8/2014,51319,0,0,0,-4.06
1/9/2014,51352,0,0,0,-0.77
1/10/2014,51125,0,0,0,4.83
1/11/2014,51054,0,0,0,11.14
1/12/2014,51261,0,0,0,8.72
1/13/2014,51345,0,0,0,7.94
1/14/2014,51227,0,0,0,7.21
1/15/2014,51344,0,0,0,5.08
1/16/2014,51413,0,0,0,4.62
1/17/2014,51371,0,0,0,5.87
1/18/2014,51319,0,0,0,5.24
1/19/2014,51472,0,0,0,3.47
1/20/2014,51585,0,0,0,6.37
1/21/2014,51649,0,0,0,-1.25
1/22/2014,51809,0,0,0,-6.63
1/23/2014,51882,0,0,0,-5.62
1/24/2014,51907,0,0,0,-5.32
1/25/2014,51927,0,0,0,-0.89
1/26/2014,52121,0,0,0,0.39
1/27/2014,52168,0,0,0,4.82
1/28/2014,52178,0,0,0,-5.28
1/29/2014,52247,0,0,0,-3.99
1/30/2014,52231,0,0,0,-2.2
1/31/2014,51909,0,0,0,3.32
2/1/2014,51668,0,0,0,4.73
2/2/2014,51724,0,0,0,6.84
2/3/2014,51943,0,0,0,2.93
2/4/2014,52077,0,0,0,0.82
2/5/2014,52137,0,0,0,1.82
2/6/2014,52199,0,0,0,-0.95
2/7/2014,52162,0,0,0,-1.11
2/8/2014,51992,0,0,0,-2.83
2/9/2014,52084,0,0,0,-2.13
2/10/2014,52164,0,0,0,-2.7
2/11/2014,52166,0,0,0,-4.44
2/12/2014,52137,0,0,0,-1.13
2/13/2014,52319,0,0,0,1.54
2/14/2014,52153,0,0,0,2.26
2/15/2014,52069,0,0,0,1.79
2/16/2014,52165,0,0,0,-2.49
2/17/2014,52270,0,0,0,-2.17
2/18/2014,52325,0,0,0,2.58
2/19/2014,52261,0,0,0,3.9
2/20/2014,52171,0,0,0,4.53
2/21/2014,52093,0,0,0,6.76
2/22/2014,52074,0,0,0,7.64
2/23/2014,52249,0,0,0,8.79
2/24/2014,52301,0,0,0,3.24
2/25/2014,52261,0,0,0,-0.08
2/26/2014,52338,0,0,0,0.12
2/27/2014,52354,0,0,0,0.58
2/28/2014,52184,0,0,0,-4.9
3/1/2014,52167,0,0,0,1.61
3/2/2014,52295,0,0,0,2.5
3/3/2014,52271,0,0,0,-1.17
3/4/2014,52118,0,0,0,-2.67
3/5/2014,52128,0,0,0,2.32
3/6/2014,52128,0,0,0,-1.86
3/7/2014,52070,0,0,0,2.36
3/8/2014,52031,0,0,0,9.01
3/9/2014,52211,0,0,0,4.93
3/10/2014,52157,0,0,0,6.95
3/11/2014,52010,0,0,0,12.22
3/12/2014,52147,0,0,0,8.99
3/13/2014,52147,0,0,0,-1.89
3/14/2014,52071,0,0,0,4.75
3/15/2014,52011,0,0,0,10.09
3/16/2014,52253,0,0,0,2.49
3/17/2014,52293,0,0,0,0.06
3/18/2014,52232,0,0,0,3.24
3/19/2014,52299,0,0,0,5.35
3/20/2014,52270,0,0,0,8.29
3/21/2014,52152,0,0,0,7.69
3/22/2014,52162,0,0,0,10.99
3/23/2014,52389,0,0,0,3.94
3/24/2014,52407,0,0,0,0.57
3/25/2014,52367,0,0,0,2.29
3/26/2014,52422,0,0,0,1.66
3/27/2014,52425,0,0,0,3.58
3/28/2014,52286,0,0,0,10.08
3/29/2014,52328,0,0,0,8.01
3/30/2014,52495,0,0,0,8.73
3/31/2014,52420,0,0,0,8.77
4/1/2014,52169,0,0,0,9.91
4/2/2014,53345,0,0,0,8.16
4/3/2014,53274,0,0,0,13.08
4/4/2014,53288,0,0,0,6.56
4/5/2014,53276,0,0,0,9.37
4/6/2014,53511,0,0,0,9.43
4/7/2014,53540,0,0,0,7.24
4/8/2014,52309,0,0,0,11.75
4/9/2014,52319,0,0,0,11.29
4/10/2014,52302,0,0,0,9.95
4/11/2014,52271,0,0,0,14.4
4/12/2014,52254,0,0,0,15.36
4/13/2014,52462,0,0,0,14.61
4/14/2014,52438,0,0,0,14.26
4/15/2014,52487,0,0,0,13.05
4/16/2014,52585,0,0,0,6.73
4/17/2014,52566,0,0,0,6.37
4/18/2014,52430,0,0,0,5.71
4/19/2014,52428,0,0,0,13.44
4/20/2014,52591,1,0,0,9.37
4/21/2014,52613,0,0,0,11.62
4/22/2014,52516,0,0,0,12.88
4/23/2014,52615,0,0,0,11.89
4/24/2014,52602,0,0,0,12.13
4/25/2014,52510,0,0,0,10.76
4/26/2014,52583,0,0,0,14.81
4/27/2014,52740,0,0,0,11.86
4/28/2014,52804,0,0,0,13.98
4/29/2014,52807,0,0,0,8.58
4/30/2014,52807,0,0,0,10.8
5/1/2014,52685,0,0,0,16.25
5/2/2014,52536,0,0,0,15.01
5/3/2014,52517,0,0,0,14.6
5/4/2014,52748,0,0,0,14.04
5/5/2014,52839,0,0,0,14.82
5/6/2014,52793,0,0,0,15.58
5/7/2014,52835,0,0,0,14.24
5/8/2014,52919,0,0,0,14.51
5/9/2014,52867,0,0,0,14.96
5/10/2014,52887,0,0,0,19.89
5/11/2014,53030,0,0,0,19.85
5/12/2014,53118,0,0,0,19.5
5/13/2014,53106,0,0,0,16.08
5/14/2014,53195,0,0,0,14.22
5/15/2014,53242,0,0,0,17.9
5/16/2014,53121,0,0,0,16.19
5/17/2014,53198,0,0,0,16.67
5/18/2014,53402,0,0,0,15.9
5/19/2014,53393,0,0,0,17.23
5/20/2014,53339,0,0,0,19.8
5/21/2014,53419,0,0,0,19.44
5/22/2014,53377,0,0,0,16.83
5/23/2014,53330,0,0,0,17.48
5/24/2014,53243,0,0,0,16.76
5/25/2014,53247,0,0,0,21.17
5/26/2014,53265,0,0,0,22.38
5/27/2014,53341,0,0,0,22.77
5/28/2014,53327,0,0,0,18.69
5/29/2014,53310,0,0,0,14.5
5/30/2014,53212,0,0,0,18.28
5/31/2014,53197,0,0,0,18.02
6/1/2014,53383,0,0,0,20.11
6/2/2014,53374,0,0,0,20.46
6/3/2014,53324,0,0,0,22.39
6/4/2014,53320,0,0,0,21.89
6/5/2014,53352,0,0,0,20.59
6/6/2014,53344,0,0,0,21.05
6/7/2014,53336,0,0,0,23.28
6/8/2014,53505,0,0,0,23.02
6/9/2014,53513,0,0,0,19.91
6/10/2014,53481,0,0,0,21.26
6/11/2014,53544,0,0,0,18.87
6/12/2014,53595,0,0,0,20.23
6/13/2014,53586,0,0,0,21.46
6/14/2014,53547,0,0,0,21.38
6/15/2014,53630,0,0,0,22.23
6/16/2014,53754,0,0,0,21.86
6/17/2014,53650,0,0,0,24.76
6/18/2014,53767,0,0,0,26.62
6/19/2014,53835,0,0,0,22.26
6/20/2014,53719,0,0,0,22.78
6/21/2014,53733,0,0,0,20.7
6/22/2014,53894,0,0,0,21.82
6/23/2014,53894,0,0,0,22.9
6/24/2014,53894,0,0,0,22.9
6/25/2014,53894,0,0,0,23.95
6/26/2014,53894,0,0,0,26.5
6/27/2014,53736,0,0,0,23.8
6/28/2014,53804,0,0,0,24.83
6/29/2014,53986,0,0,0,23.48
6/30/2014,53928,0,0,0,24.33
7/1/2014,53742,0,0,0,26.05
7/2/2014,53635,0,0,0,25.56
7/3/2014,53658,0,0,0,26.04
7/4/2014,53608,0,0,0,22.93
7/5/2014,53717,0,0,0,24.31
7/6/2014,53892,0,0,0,24.85
7/7/2014,53927,0,0,0,26.25
7/8/2014,53968,0,0,0,26.78
7/9/2014,54091,0,0,0,25.65
7/10/2014,54102,0,0,0,24.69
7/11/2014,54145,0,0,0,25.43
7/12/2014,54125,0,0,0,24.76
7/13/2014,54395,0,0,0,25.12
7/14/2014,54417,0,0,0,25.06
7/15/2014,54439,0,0,0,25.42
7/16/2014,54404,0,0,0,24.01
7/17/2014,54427,0,0,0,24.43
7/18/2014,54374,0,0,0,25.12
7/19/2014,54421,0,0,0,23.21
7/20/2014,54602,0,0,0,22.36
7/21/2014,54581,0,0,0,25.48
7/22/2014,54421,0,0,0,26.31
7/23/2014,54605,0,0,0,26.37
7/24/2014,54706,0,0,0,25.3
7/25/2014,54602,0,0,0,25.55
7/26/2014,54554,0,0,0,25.15
7/27/2014,54783,0,0,0,26.49
7/28/2014,54860,0,0,0,26.44
7/29/2014,54763,0,0,0,24.05
7/30/2014,54759,0,0,0,24.59
7/31/2014,54742,0,0,0,25.5
8/1/2014,54467,0,0,0,24.78
8/2/2014,54471,0,0,0,22.26
8/3/2014,54712,0,0,0,22.87
8/4/2014,54765,0,0,0,26.33
8/5/2014,54645,0,0,0,27.17
8/6/2014,54711,0,0,0,26.65
8/7/2014,54737,0,0,0,26.12
8/8/2014,54726,0,0,0,26.1
8/9/2014,54648,0,0,0,26.82
8/10/2014,54945,0,0,0,27.26
8/11/2014,54855,0,0,0,25.96
8/12/2014,54851,0,0,0,24.59
8/13/2014,54801,0,0,0,26.29
8/14/2014,54793,0,0,0,24.43
8/15/2014,54730,0,0,0,23.13
8/16/2014,54617,0,0,0,24.21
8/17/2014,54830,0,0,0,25.75
8/18/2014,54874,0,0,0,25.31
8/19/2014,54889,0,0,0,24.72
8/20/2014,54920,0,0,0,24.65
8/21/2014,54964,0,0,0,24.28
8/22/2014,54944,0,0,0,23.14
8/23/2014,54930,0,0,0,23.04
8/24/2014,55097,0,0,0,23.98
8/25/2014,55076,0,0,0,26.91
8/26/2014,54979,0,0,0,25.48
8/27/2014,55025,0,0,0,27.29
8/28/2014,55036,0,0,0,26.14
8/29/2014,54873,0,0,0,23.33
8/30/2014,54929,0,0,0,23.98
8/31/2014,55029,0,0,0,26.9
9/1/2014,55174,0,0,0,27.32
9/2/2014,55221,0,0,0,28.72
9/3/2014,55050,0,0,0,27.33
9/4/2014,55222,0,0,0,27.01
9/5/2014,55222,0,0,0,26.75
9/6/2014,55342,0,0,0,28.16
9/7/2014,55498,0,0,0,25.43
9/8/2014,55616,0,0,0,23.19
9/9/2014,55552,0,0,0,22.65
9/10/2014,55728,0,0,0,23.28
9/11/2014,55727,0,0,0,25.9
9/12/2014,55768,0,0,0,24.1
9/13/2014,55784,0,0,0,20.84
9/14/2014,56082,0,0,0,19.9
9/15/2014,56014,0,0,0,20.63
9/16/2014,56034,0,0,0,19.68
9/17/2014,56017,0,0,0,21.32
9/18/2014,56112,0,0,0,23.23
9/19/2014,56145,0,0,0,18.71
9/20/2014,56108,0,0,0,22.25
9/21/2014,56288,0,0,0,22.74
9/22/2014,56348,0,0,0,21.93
9/23/2014,56219,0,0,0,19.65
9/24/2014,56285,0,0,0,20.68
9/25/2014,56220,0,0,0,18.23
9/26/2014,56143,0,0,0,23.02
9/27/2014,56190,0,0,0,25.15
9/28/2014,56373,0,0,0,24.56
9/29/2014,56373,0,0,0,22.74
9/30/2014,56373,0,0,0,20.72
10/1/2014,56373,0,0,0,18.86
10/2/2014,56373,0,0,0,19.36
10/3/2014,56274,0,0,0,18.76
10/4/2014,56329,0,0,0,21.27
10/5/2014,56676,0,0,0,16.31
10/6/2014,56676,0,0,0,19.58
10/7/2014,56676,0,0,0,21.02
10/8/2014,56676,0,0,0,21.69
10/9/2014,56676,0,0,0,19.48
10/10/2014,56701,0,0,0,17.08
10/11/2014,56749,0,0,0,14.6
10/12/2014,56934,0,0,0,16.08
10/13/2014,56934,0,0,0,18.65
10/14/2014,56934,0,0,0,21.76
10/15/2014,57060,0,0,0,22.25
10/16/2014,56992,0,0,0,20.28
10/17/2014,56993,0,0,0,20.51
10/18/2014,57115,0,0,0,20.54
10/19/2014,57328,0,0,0,13.72
10/20/2014,57343,0,0,0,15.34
10/21/2014,57323,0,0,0,18.2
10/22/2014,57390,0,0,0,15.19
10/23/2014,57432,0,0,0,12.51
10/24/2014,57364,0,0,0,16.69
10/25/2014,57343,0,0,0,18.13
10/26/2014,57548,0,0,0,16.43
10/27/2014,57490,0,0,0,16.41
10/28/2014,57480,0,0,0,18.83
10/29/2014,57540,0,0,0,18.87
10/30/2014,57586,0,0,0,14.51
10/31/2014,57530,0,0,0,12.98
11/1/2014,57551,0,0,0,11.12
11/2/2014,57645,0,0,0,9.61
11/3/2014,57665,0,0,0,14.83
11/4/2014,57729,0,0,0,17.2
11/5/2014,57646,0,0,0,15.64
11/6/2014,57648,0,0,0,14
11/7/2014,57676,0,0,0,11.19
11/8/2014,57878,0,0,0,8.99
11/9/2014,58054,0,0,0,13.21
11/10/2014,58032,0,0,0,14.08
11/11/2014,58060,0,0,0,15.91
11/12/2014,58143,0,0,0,17.16
11/13/2014,58174,0,0,0,8.77
11/14/2014,58139,0,0,0,6.58
11/15/2014,58258,0,0,0,5.98
11/16/2014,58326,0,0,0,7.89
11/17/2014,58351,0,0,0,13.48
11/18/2014,58354,0,0,0,6.28
11/19/2014,58477,0,0,0,3.85
11/20/2014,58562,0,0,0,8.11
11/21/2014,58532,0,0,0,3.08
11/22/2014,58491,0,0,0,6.07
11/23/2014,58469,0,0,0,11.64
11/24/2014,58504,0,0,0,16.65
11/25/2014,58525,0,0,0,14.26
11/26/2014,58493,0,0,0,8.89
11/27/2014,58457,0,1,0,3.98
11/28/2014,58535,0,0,0,2.88
11/29/2014,58521,0,0,0,6.87
11/30/2014,58555,0,0,0,10.89
12/1/2014,58484,0,0,0,13.19
12/2/2014,58506,0,0,0,10.08
12/3/2014,58652,0,0,0,10.76
12/4/2014,58741,0,0,0,6.66
12/5/2014,58706,0,0,0,9.75
12/6/2014,58700,0,0,0,10.67
12/7/2014,58853,0,0,0,5.05
12/8/2014,58898,0,0,0,4.82
12/9/2014,58939,0,0,0,5.23
12/10/2014,58945,0,0,0,4.88
12/11/2014,58959,0,0,0,2.55
12/12/2014,58915,0,0,0,3.63
12/13/2014,58870,0,0,0,5.48
12/14/2014,59019,0,0,0,7.23
12/15/2014,59032,0,0,0,6.63
12/16/2014,58959,0,0,0,8.62
12/17/2014,59068,0,0,0,10.11
12/18/2014,59050,0,0,0,5.61
12/19/2014,58929,0,0,0,3.65
12/20/2014,58820,0,0,0,1.01
12/21/2014,58944,0,0,0,3.05
12/22/2014,58913,0,0,0,7.58
12/23/2014,58736,0,0,0,8.88
12/24/2014,58499,0,0,0,12.69
12/25/2014,58549,0,0,1,11.77
12/26/2014,58586,0,0,0,7.97
12/27/2014,58504,0,0,0,9.52
12/28/2014,58516,0,0,0,9.28
12/29/2014,58541,0,0,0,5.1
12/30/2014,58310,0,0,0,0.8
12/31/2014,57941,0,0,0,0.26
1/1/2015,58142,0,0,0,3.68
1/2/2015,58180,0,0,0,4.73
1/3/2015,58172,0,0,0,7.23
1/4/2015,58330,0,0,0,10.96
1/5/2015,58369,0,0,0,6.92
1/6/2015,58352,0,0,0,-3.54
1/7/2015,58474,0,0,0,-3.44
1/8/2015,58551,0,0,0,-4.55
1/9/2015,58428,0,0,0,1.08
1/10/2015,58487,0,0,0,-3.83
1/11/2015,58583,0,0,0,2.59
1/12/2015,58643,0,0,0,3.89
1/13/2015,58628,0,0,0,2.14
1/14/2015,58640,0,0,0,0.65
1/15/2015,58667,0,0,0,0.4
1/16/2015,58624,0,0,0,3.63
1/17/2015,58520,0,0,0,0.44
1/18/2015,58644,0,0,0,7.33
1/19/2015,58691,0,0,0,4.65
1/20/2015,58714,0,0,0,3
1/21/2015,58645,0,0,0,0.94
1/22/2015,58655,0,0,0,2.73
1/23/2015,58545,0,0,0,2.24
1/24/2015,58472,0,0,0,2.11
1/25/2015,58627,0,0,0,3.46
1/26/2015,58602,0,0,0,-1.17
1/27/2015,58732,0,0,0,-2.76
1/28/2015,58723,0,0,0,-1.77
1/29/2015,58614,0,0,0,1.78
1/30/2015,58506,0,0,0,1.77
1/31/2015,58413,0,0,0,-4.94
2/1/2015,58479,0,0,0,1.2
2/2/2015,58587,0,0,0,3.97
2/3/2015,58485,0,0,0,-4.13
2/4/2015,58485,0,0,0,3.4
2/5/2015,58350,0,0,0,2.72
2/6/2015,58346,0,0,0,-3.02
2/7/2015,58262,0,0,0,2.3
2/8/2015,58429,0,0,0,3.73
2/9/2015,58429,0,0,0,-0.22
2/10/2015,58329,0,0,0,0.94
2/11/2015,58288,0,0,0,-1.42
2/12/2015,58267,0,0,0,2.39
2/13/2015,58230,0,0,0,-6.91
2/14/2015,58089,0,0,0,0.23
2/15/2015,58210,0,0,0,-3.61
2/16/2015,58292,0,0,0,-7.13
2/17/2015,58344,0,0,0,-4.26
2/18/2015,58284,0,0,0,-1.42
2/19/2015,58269,0,0,0,-2.69
2/20/2015,58211,0,0,0,-7.57
2/21/2015,58104,0,0,0,0.7
2/22/2015,58156,0,0,0,2
2/23/2015,58142,0,0,0,0.65
2/24/2015,58073,0,0,0,-2.97
2/25/2015,58083,0,0,0,0.98
2/26/2015,57975,0,0,0,-2.84
2/27/2015,57927,0,0,0,-2.76
2/28/2015,57839,0,0,0,-2.75
3/1/2015,57961,0,0,0,-0.67
3/2/2015,57963,0,0,0,0.68
3/3/2015,57819,0,0,0,1.48
3/4/2015,57909,0,0,0,2.87
3/5/2015,57872,0,0,0,1.73
3/6/2015,57866,0,0,0,-4.74
3/7/2015,57911,0,0,0,1.45
3/8/2015,57969,0,0,0,4.35
3/9/2015,58027,0,0,0,7.15
3/10/2015,57783,0,0,0,5.8
3/11/2015,57821,0,0,0,9.4
3/12/2015,57775,0,0,0,5.57
3/13/2015,57775,0,0,0,2.87
3/14/2015,57775,0,0,0,6.87
3/15/2015,57775,0,0,0,5.69
3/16/2015,57757,0,0,0,6.3
3/17/2015,57718,0,0,0,9.65
3/18/2015,57720,0,0,0,2.21
3/19/2015,57655,0,0,0,3.37
3/20/2015,57624,0,0,0,1.71
3/21/2015,57528,0,0,0,5.9
3/22/2015,57675,0,0,0,3.55
3/23/2015,57622,0,0,0,2.05
3/24/2015,57536,0,0,0,3.67
3/25/2015,57557,0,0,0,5.26
3/26/2015,57405,0,0,0,9.88
3/27/2015,57303,0,0,0,7.16
3/28/2015,57191,0,0,0,2.62
3/29/2015,57330,0,0,0,4.52
3/30/2015,57333,0,0,0,8.05
3/31/2015,57166,0,0,0,5.35
4/1/2015,57089,0,0,0,7.05
4/2/2015,57047,0,0,0,9.86
4/3/2015,57001,0,0,0,11.81
4/4/2015,57034,0,0,0,11.11
4/5/2015,57181,1,0,0,11.42
4/6/2015,57147,0,0,0,11.46
4/7/2015,57025,0,0,0,11.79
4/8/2015,57125,0,0,0,6.01
4/9/2015,57201,0,0,0,4.86
4/10/2015,57014,0,0,0,11.38
4/11/2015,56954,0,0,0,10.59
4/12/2015,57148,0,0,0,11.62
4/13/2015,57125,0,0,0,11.92
4/14/2015,57234,0,0,0,13.01
4/15/2015,57211,0,0,0,13.97
4/16/2015,57098,0,0,0,10.75
4/17/2015,56911,0,0,0,14.89
4/18/2015,56727,0,0,0,16.65
4/19/2015,56911,0,0,0,10.63
4/20/2015,56911,0,0,0,13.11
4/21/2015,56972,0,0,0,13.37
4/22/2015,56880,0,0,0,12.92
4/23/2015,56921,0,0,0,8.94
4/24/2015,56824,0,0,0,8.26
4/25/2015,56796,0,0,0,11.02
4/26/2015,56907,0,0,0,12.32
4/27/2015,56876,0,0,0,12.22
4/28/2015,56847,0,0,0,15.33
4/29/2015,56854,0,0,0,17.86
4/30/2015,56810,0,0,0,11.9
5/1/2015,56555,0,0,0,10.3
5/2/2015,56427,0,0,0,12.96
5/3/2015,56670,0,0,0,16.39
5/4/2015,56640,0,0,0,17.6
5/5/2015,56602,0,0,0,20.94
5/6/2015,56755,0,0,0,15.28
5/7/2015,56768,0,0,0,17.05
5/8/2015,56701,0,0,0,18.33
5/9/2015,56631,0,0,0,16.08
5/10/2015,56670,0,0,0,19.4
5/11/2015,56723,0,0,0,19.8
5/12/2015,56583,0,0,0,21.26
5/13/2015,56714,0,0,0,17.12
5/14/2015,56734,0,0,0,17.08
5/15/2015,56734,0,0,0,17.04
5/16/2015,56734,0,0,0,17.78
5/17/2015,56734,0,0,0,21.95
5/18/2015,56729,0,0,0,17.36
5/19/2015,56655,0,0,0,19.76
5/20/2015,56809,0,0,0,16.4
5/21/2015,56840,0,0,0,14.85
5/22/2015,56651,0,0,0,18.68
5/23/2015,56680,0,0,0,16.13
5/24/2015,56680,0,0,0,18.79
5/25/2015,56622,0,0,0,20.25
5/26/2015,56611,0,0,0,20.41
5/27/2015,56539,0,0,0,20.63
5/28/2015,56527,0,0,0,20.81
5/29/2015,56487,0,0,0,20.51
5/30/2015,56352,0,0,0,21.69
5/31/2015,56440,0,0,0,22.34
6/1/2015,56562,0,0,0,18.19
6/2/2015,56448,0,0,0,14.07
6/3/2015,56506,0,0,0,16.19
6/4/2015,56496,0,0,0,14.57
6/5/2015,56410,0,0,0,15.63
6/6/2015,56355,0,0,0,18.73
6/7/2015,56378,0,0,0,18.19
6/8/2015,56435,0,0,0,19.9
6/9/2015,56362,0,0,0,21.94
6/10/2015,56361,0,0,0,21.43
6/11/2015,56314,0,0,0,23.44
6/12/2015,56262,0,0,0,23.24
6/13/2015,56143,0,0,0,25.25
6/14/2015,56230,0,0,0,23.4
6/15/2015,56322,0,0,0,24.11
6/16/2015,56219,0,0,0,23.91
6/17/2015,56186,0,0,0,21.87
6/18/2015,56162,0,0,0,19.44
6/19/2015,56070,0,0,0,25.65
6/20/2015,56077,0,0,0,21.55
6/21/2015,56143,0,0,0,25.96
6/22/2015,56167,0,0,0,26.33
6/23/2015,56137,0,0,0,25.08
6/24/2015,56158,0,0,0,25.23
6/25/2015,56098,0,0,0,24.33
6/26/2015,55949,0,0,0,23.26
6/27/2015,55932,0,0,0,20.48
6/28/2015,55977,0,0,0,23.55
6/29/2015,55941,0,0,0,22.74
6/30/2015,55889,0,0,0,23.08
7/1/2015,55889,0,0,0,24.4
7/2/2015,55809,0,0,0,23.54
7/3/2015,55702,0,0,0,24.4
7/4/2015,55704,0,0,0,22.61
7/5/2015,55804,0,0,0,24.77
7/6/2015,55834,0,0,0,23.9
7/7/2015,55821,0,0,0,25.98
7/8/2015,55896,0,0,0,26.16
7/9/2015,55913,0,0,0,24.76
7/10/2015,55837,0,0,0,26.14
7/11/2015,55764,0,0,0,26.75
7/12/2015,55891,0,0,0,26.76
7/13/2015,55997,0,0,0,25.85
7/14/2015,55979,0,0,0,25
7/15/2015,56091,0,0,0,24.87
7/16/2015,56227,0,0,0,23.6
7/17/2015,56133,0,0,0,23.8
7/18/2015,55938,0,0,0,25.02
7/19/2015,56071,0,0,0,28.25
7/20/2015,56085,0,0,0,29.37
7/21/2015,56073,0,0,0,28.51
7/22/2015,56069,0,0,0,26.94
7/23/2015,55985,0,0,0,26.44
7/24/2015,55915,0,0,0,26.32
7/25/2015,55926,0,0,0,26.26
7/26/2015,56052,0,0,0,26.73
7/27/2015,56100,0,0,0,25.73
7/28/2015,56043,0,0,0,29.1
7/29/2015,56174,0,0,0,29.45
7/30/2015,56170,0,0,0,27.69
7/31/2015,55965,0,0,0,28.78
8/1/2015,55949,0,0,0,28.47
8/2/2015,56135,0,0,0,27.87
8/3/2015,56284,0,0,0,27.88
8/4/2015,56133,0,0,0,28.8
8/5/2015,56242,0,0,0,28.26
8/6/2015,56173,0,0,0,26
8/7/2015,56111,0,0,0,25.73
8/8/2015,56029,0,0,0,25.62
8/9/2015,56226,0,0,0,26.51
8/10/2015,56421,0,0,0,24.92
8/11/2015,56407,0,0,0,24.93
8/12/2015,56485,0,0,0,26.97
8/13/2015,56544,0,0,0,26.34
8/14/2015,56597,0,0,0,27.2
8/15/2015,56493,0,0,0,28.4
8/16/2015,56593,0,0,0,28.88
8/17/2015,56564,0,0,0,29.12
8/18/2015,56444,0,0,0,28.08
8/19/2015,56628,0,0,0,26.88
8/20/2015,56673,0,0,0,27.13
8/21/2015,56629,0,0,0,27.14
8/22/2015,56572,0,0,0,27.01
8/23/2015,56690,0,0,0,25.83
8/24/2015,56741,0,0,0,26.99
8/25/2015,56713,0,0,0,27.63
8/26/2015,56647,0,0,0,26.8
8/27/2015,56744,0,0,0,25.8
8/28/2015,56542,0,0,0,25.45
8/29/2015,56583,0,0,0,26.76
8/30/2015,56715,0,0,0,27.98
8/31/2015,56731,0,0,0,28.57
9/1/2015,56635,0,0,0,28.12
9/2/2015,56720,0,0,0,27.89
9/3/2015,56763,0,0,0,29.36
9/4/2015,56730,0,0,0,25.55
9/5/2015,56706,0,0,0,24.42
9/6/2015,56725,0,0,0,25.23
9/7/2015,56963,0,0,0,28.3
9/8/2015,56970,0,0,0,29.39
9/9/2015,56949,0,0,0,28.46
9/10/2015,57047,0,0,0,24.68
9/11/2015,57102,0,0,0,26.04
9/12/2015,56928,0,0,0,24.58
9/13/2015,57140,0,0,0,23.52
9/14/2015,57224,0,0,0,24
9/15/2015,57206,0,0,0,25.6
9/16/2015,57264,0,0,0,26.79
9/17/2015,57209,0,0,0,26.97
9/18/2015,57162,0,0,0,25.44
9/19/2015,57059,0,0,0,24.77
9/20/2015,57070,0,0,0,24.63
9/21/2015,57059,0,0,0,20.82
9/22/2015,57209,0,0,0,21.55
9/23/2015,57206,0,0,0,23.05
9/24/2015,57223,0,0,0,23.96
9/25/2015,57241,0,0,0,21.58
9/26/2015,57121,0,0,0,19.9
9/27/2015,57272,0,0,0,20.44
9/28/2015,57364,0,0,0,23.15
9/29/2015,57285,0,0,0,23.95
9/30/2015,57366,0,0,0,22.84
10/1/2015,57237,0,0,0,16.66
10/2/2015,57218,0,0,0,14.34
10/3/2015,57105,0,0,0,14.61
10/4/2015,57202,0,0,0,16.61
10/5/2015,57276,0,0,0,17.57
10/6/2015,57239,0,0,0,20.27
10/7/2015,57259,0,0,0,20.23
10/8/2015,57182,0,0,0,18.65
10/9/2015,57255,0,0,0,21.9
10/10/2015,57124,0,0,0,16.51
10/11/2015,57170,0,0,0,18.23
10/12/2015,57364,0,0,0,20.19
10/13/2015,57460,0,0,0,20.76
10/14/2015,57353,0,0,0,18.83
10/15/2015,57300,0,0,0,17.12
10/16/2015,57314,0,0,0,16.97
10/17/2015,57320,0,0,0,13.04
10/18/2015,57386,0,0,0,9.67
10/19/2015,57546,0,0,0,10.94
10/20/2015,57423,0,0,0,18.79
10/21/2015,57410,0,0,0,19.54
10/22/2015,57448,0,0,0,19.95
10/23/2015,57397,0,0,0,16.23
10/24/2015,57428,0,0,0,13.43
10/25/2015,57369,0,0,0,17.54
10/26/2015,57460,0,0,0,13.98
10/27/2015,57410,0,0,0,13.74
10/28/2015,57575,0,0,0,18.48
10/29/2015,57618,0,0,0,19.56
10/30/2015,57456,0,0,0,15.01
10/31/2015,57414,0,0,0,12.04
11/1/2015,57407,0,0,0,17.21
11/2/2015,57407,0,0,0,15.31
11/3/2015,57451,0,0,0,18.94
11/4/2015,57484,0,0,0,17.73
11/5/2015,57478,0,0,0,19.03
11/6/2015,57419,0,0,0,19.35
11/7/2015,57447,0,0,0,17.2
11/8/2015,57543,0,0,0,13.17
11/9/2015,57756,0,0,0,14.11
11/10/2015,57722,0,0,0,15.08
11/11/2015,57805,0,0,0,13.76
11/12/2015,57774,0,0,0,15.35
11/13/2015,57801,0,0,0,13.83
11/14/2015,57676,0,0,0,9.62
11/15/2015,57700,0,0,0,14.05
11/16/2015,57856,0,0,0,16.63
11/17/2015,57903,0,0,0,10.06
11/18/2015,57930,0,0,0,14.08
11/19/2015,57905,0,0,0,16.22
11/20/2015,57926,0,0,0,15.52
11/21/2015,57742,0,0,0,11.93
11/22/2015,57895,0,0,0,12.98
11/23/2015,58037,0,0,0,6.51
11/24/2015,57954,0,0,0,7.84
11/25/2015,57962,0,0,0,8.69
11/26/2015,57956,0,1,0,14.14
11/27/2015,57993,0,0,0,15.27
11/28/2015,57907,0,0,0,14.08
11/29/2015,57855,0,0,0,8.42
11/30/2015,57967,0,0,0,9.06
12/1/2015,57733,0,0,0,11.1
12/2/2015,57753,0,0,0,13.14
12/3/2015,57769,0,0,0,11.98
12/4/2015,57637,0,0,0,9.98
12/5/2015,57716,0,0,0,9.37
12/6/2015,57836,0,0,0,10.5
12/7/2015,57967,0,0,0,10.76
12/8/2015,57978,0,0,0,8.87
12/9/2015,57984,0,0,0,11.54
12/10/2015,58070,0,0,0,13.25
12/11/2015,57852,0,0,0,13.4
12/12/2015,57830,0,0,0,15.03
12/13/2015,57971,0,0,0,14.92
12/14/2015,57998,0,0,0,15.09
12/15/2015,57965,0,0,0,15.87
12/16/2015,58026,0,0,0,10.19
12/17/2015,58036,0,0,0,12.97
12/18/2015,57881,0,0,0,11.4
12/19/2015,57854,0,0,0,4.74
12/20/2015,57953,0,0,0,5.62
12/21/2015,58009,0,0,0,11.06
12/22/2015,57985,0,0,0,13.43
12/23/2015,57902,0,0,0,14.73
12/24/2015,57689,0,0,0,17.19
12/25/2015,57711,0,0,1,15.27
12/26/2015,57699,0,0,0,12.87
12/27/2015,57730,0,0,0,14.8
12/28/2015,57896,0,0,0,7.69
12/29/2015,57838,0,0,0,12.59
12/30/2015,57914,0,0,0,10.36
12/31/2015,57338,0,0,0,10.6
1/1/2016,57629,0,0,0,5.68
1/2/2016,57678,0,0,0,4.75
1/3/2016,57788,0,0,0,7.55
1/4/2016,57929,0,0,0,2.44
1/5/2016,58008,0,0,0,-1.42
1/6/2016,58086,0,0,0,3.79
1/7/2016,58137,0,0,0,6.44
1/8/2016,58013,0,0,0,6.66
1/9/2016,57920,0,0,0,8.89
1/10/2016,58077,0,0,0,13.37
1/11/2016,58158,0,0,0,3.03
1/12/2016,58242,0,0,0,6.55
1/13/2016,58290,0,0,0,-0.57
1/14/2016,58355,0,0,0,3.98
1/15/2016,58155,0,0,0,7.46
1/16/2016,58064,0,0,0,9.27
1/17/2016,58260,0,0,0,2.84
1/18/2016,58370,0,0,0,0.95
1/19/2016,58439,0,0,0,-1.88
1/20/2016,58305,0,0,0,2.59
1/21/2016,57983,0,0,0,2.17
1/22/2016,58283,0,0,0,-0.73
1/23/2016,58169,0,0,0,1.27
1/24/2016,58395,0,0,0,0.84
1/25/2016,58395,0,0,0,2.87
1/26/2016,58301,0,0,0,5.83
1/27/2016,58203,0,0,0,4.77
1/28/2016,58209,0,0,0,5.26
1/29/2016,58191,0,0,0,3.86
1/30/2016,58133,0,0,0,3.5
1/31/2016,58184,0,0,0,7.82
2/1/2016,58128,0,0,0,8.84
2/2/2016,58143,0,0,0,7.96
2/3/2016,58231,0,0,0,11.22
2/4/2016,58191,0,0,0,10.51
2/5/2016,58081,0,0,0,4.01
2/6/2016,58014,0,0,0,3.32
2/7/2016,58118,0,0,0,5.64
2/8/2016,58183,0,0,0,3.12
2/9/2016,58208,0,0,0,1.3
2/10/2016,58225,0,0,0,3.31
2/11/2016,58276,0,0,0,-0.77
2/12/2016,58091,0,0,0,-3.23
2/13/2016,58104,0,0,0,-3.94
2/14/2016,58217,0,0,0,-7.53
2/15/2016,58336,0,0,0,5.7
2/16/2016,58351,0,0,0,10.89
2/17/2016,58318,0,0,0,4.74
2/18/2016,58277,0,0,0,1.37
2/19/2016,58227,0,0,0,4.05
2/20/2016,58043,0,0,0,9.64
2/21/2016,58143,0,0,0,10.26
2/22/2016,58288,0,0,0,8.01
2/23/2016,58245,0,0,0,4.76
2/24/2016,58231,0,0,0,12.62
2/25/2016,58247,0,0,0,12.73
2/26/2016,58153,0,0,0,2.69
2/27/2016,58016,0,0,0,3.48
2/28/2016,58091,0,0,0,9.8
2/29/2016,58116,0,0,0,10.89
3/1/2016,58039,0,0,0,9.31
3/2/2016,58101,0,0,0,9.66
3/3/2016,58066,0,0,0,1.01
3/4/2016,57995,0,0,0,2.2
3/5/2016,57830,0,0,0,2.14
3/6/2016,57892,0,0,0,4.51
3/7/2016,58034,0,0,0,9.32
3/8/2016,57974,0,0,0,11.01
3/9/2016,57941,0,0,0,13.35
3/10/2016,57915,0,0,0,15.9
3/11/2016,57714,0,0,0,12.71
3/12/2016,57592,0,0,0,10.35
3/13/2016,57705,0,0,0,11.66
3/14/2016,57821,0,0,0,7.93
3/15/2016,57811,0,0,0,9.49
3/16/2016,57850,0,0,0,10.65
3/17/2016,57821,0,0,0,11.29
3/18/2016,57745,0,0,0,10.55
3/19/2016,57712,0,0,0,5.75
3/20/2016,57872,0,0,0,4.19
3/21/2016,57977,0,0,0,7.53
3/22/2016,57805,0,0,0,9.02
3/23/2016,57867,0,0,0,13.44
3/24/2016,57846,0,0,0,9.75
3/25/2016,57673,0,0,0,14.76
3/26/2016,57707,0,0,0,8.21
3/27/2016,57737,1,0,0,7.97
3/28/2016,57830,0,0,0,12.04
3/29/2016,57806,0,0,0,9.29
3/30/2016,57823,0,0,0,8.48
3/31/2016,57761,0,0,0,13.58
4/1/2016,57493,0,0,0,14.61
4/2/2016,57527,0,0,0,11.51
4/3/2016,57767,0,0,0,8.1
4/4/2016,57918,0,0,0,12
4/5/2016,57850,0,0,0,4.07
4/6/2016,57900,0,0,0,7.98
4/7/2016,57977,0,0,0,11.8
4/8/2016,57805,0,0,0,8.27
4/9/2016,57706,0,0,0,6.47
4/10/2016,57785,0,0,0,6.98
4/11/2016,57994,0,0,0,11.78
4/12/2016,57996,0,0,0,11.06
4/13/2016,57952,0,0,0,9.91
4/14/2016,57937,0,0,0,11.75
4/15/2016,57803,0,0,0,12.74
4/16/2016,57744,0,0,0,12.98
4/17/2016,57816,0,0,0,15.51
4/18/2016,57921,0,0,0,19.35
4/19/2016,57867,0,0,0,15.68
4/20/2016,57860,0,0,0,14.12
4/21/2016,57845,0,0,0,14.27
4/22/2016,57711,0,0,0,17.43
4/23/2016,57653,0,0,0,15.98
4/24/2016,57753,0,0,0,14.44
4/25/2016,57840,0,0,0,14.83
4/26/2016,57840,0,0,0,18.53
4/27/2016,57840,0,0,0,11.84
4/28/2016,58118,0,0,0,11.07
4/29/2016,57815,0,0,0,11.15
4/30/2016,57793,0,0,0,12.28
5/1/2016,58015,0,0,0,9.73
5/2/2016,58004,0,0,0,13.98
5/3/2016,58059,0,0,0,11.48
5/4/2016,58102,0,0,0,10.77
5/5/2016,58057,0,0,0,10.9
5/6/2016,57993,0,0,0,10.78
5/7/2016,57870,0,0,0,12.66
5/8/2016,58003,0,0,0,15.19
5/9/2016,58003,0,0,0,16.78
5/10/2016,57855,0,0,0,12.94
5/11/2016,57811,0,0,0,16.01
5/12/2016,57848,0,0,0,17
5/13/2016,57880,0,0,0,15.26
5/14/2016,57783,0,0,0,16.77
5/15/2016,57894,0,0,0,12.85
5/16/2016,58060,0,0,0,15.19
5/17/2016,58050,0,0,0,14.75
5/18/2016,58161,0,0,0,14.88
5/19/2016,58038,0,0,0,16.56
5/20/2016,57915,0,0,0,19.27
5/21/2016,57809,0,0,0,14.2
5/22/2016,57908,0,0,0,17.72
5/23/2016,57968,0,0,0,18.75
5/24/2016,57862,0,0,0,18.07
5/25/2016,57830,0,0,0,23.13
5/26/2016,57744,0,0,0,22.4
5/27/2016,57601,0,0,0,21.23
5/28/2016,57476,0,0,0,21.83
5/29/2016,57636,0,0,0,21.47
5/30/2016,57644,0,0,0,21.22
5/31/2016,57644,0,0,0,23.51
6/1/2016,57641,0,0,0,21.75
6/2/2016,57738,0,0,0,18.78
6/3/2016,57619,0,0,0,19.1
6/4/2016,57620,0,0,0,22.55
6/5/2016,57853,0,0,0,20.17
6/6/2016,57839,0,0,0,23.39
6/7/2016,57774,0,0,0,23.48
6/8/2016,57913,0,0,0,18.76
6/9/2016,57957,0,0,0,19.58
6/10/2016,57691,0,0,0,21.18
6/11/2016,57692,0,0,0,22.62
6/12/2016,57871,0,0,0,23.3
6/13/2016,57912,0,0,0,20.83
6/14/2016,57908,0,0,0,22.04
6/15/2016,57923,0,0,0,23.01
6/16/2016,57962,0,0,0,19.87
6/17/2016,57893,0,0,0,20.65
6/18/2016,57779,0,0,0,23.58
6/19/2016,57873,0,0,0,23.23
6/20/2016,57924,0,0,0,22.22
6/21/2016,57839,0,0,0,25.83
6/22/2016,57787,0,0,0,25.98
6/23/2016,57794,0,0,0,24.43
6/24/2016,57733,0,0,0,22.61
6/25/2016,57502,0,0,0,23.86
6/26/2016,57634,0,0,0,24.01
6/27/2016,57759,0,0,0,23.37
6/28/2016,57740,0,0,0,22.33
6/29/2016,57779,0,0,0,26.18
6/30/2016,57787,0,0,0,25.65
7/1/2016,57440,0,0,0,23.92
7/2/2016,57348,0,0,0,23.83
7/3/2016,57564,0,0,0,23.84
7/4/2016,57689,0,0,0,24.58
7/5/2016,57737,0,0,0,27.2
7/6/2016,57705,0,0,0,28.19
7/7/2016,57791,0,0,0,27.37
7/8/2016,57742,0,0,0,26.5
7/9/2016,57791,0,0,0,22.05
7/10/2016,57918,0,0,0,25.9
7/11/2016,57957,0,0,0,25.13
7/12/2016,57999,0,0,0,25
7/13/2016,57997,0,0,0,25.19
7/14/2016,58171,0,0,0,27.44
7/15/2016,58199,0,0,0,28.94
7/16/2016,58214,0,0,0,28.03
7/17/2016,58318,0,0,0,28.55
7/18/2016,58480,0,0,0,29.22
7/19/2016,58243,0,0,0,27.64
7/20/2016,58328,0,0,0,26.05
7/21/2016,58430,0,0,0,27.8
7/22/2016,58274,0,0,0,29.3
7/23/2016,58279,0,0,0,30.9
7/24/2016,58357,0,0,0,28.47
7/25/2016,58411,0,0,0,28.59
7/26/2016,58411,0,0,0,29.36
7/27/2016,58391,0,0,0,28.82
7/28/2016,58347,0,0,0,29.19
7/29/2016,58280,0,0,0,26.69
7/30/2016,58337,0,0,0,26.77
7/31/2016,58546,0,0,0,24.98
8/1/2016,58526,0,0,0,24.73
8/2/2016,58501,0,0,0,23.33
8/3/2016,58508,0,0,0,24.34
8/4/2016,58665,0,0,0,24.56
8/5/2016,58502,0,0,0,25.35
8/6/2016,58622,0,0,0,27.77
8/7/2016,58861,0,0,0,27.7
8/8/2016,58917,0,0,0,26.73
8/9/2016,58940,0,0,0,26.65
8/10/2016,58959,0,0,0,27.15
8/11/2016,59108,0,0,0,28.01
8/12/2016,59063,0,0,0,29.61
8/13/2016,58935,0,0,0,28.96
8/14/2016,59088,0,0,0,30.46
8/15/2016,59210,0,0,0,29.51
8/16/2016,59074,0,0,0,28.03
8/17/2016,59163,0,0,0,28.23
8/18/2016,59124,0,0,0,27.47
8/19/2016,59016,0,0,0,28.08
8/20/2016,59018,0,0,0,27
8/21/2016,59266,0,0,0,27.33
8/22/2016,59318,0,0,0,26.1
8/23/2016,59365,0,0,0,25.23
8/24/2016,59373,0,0,0,26.91
8/25/2016,59314,0,0,0,25.63
8/26/2016,59260,0,0,0,30.24
8/27/2016,59212,0,0,0,27.27
8/28/2016,59237,0,0,0,26.83
8/29/2016,59335,0,0,0,29.98
8/30/2016,59337,0,0,0,26.05
8/31/2016,59477,0,0,0,27.53
9/1/2016,59481,0,0,0,24.88
9/2/2016,59312,0,0,0,25.9
9/3/2016,59303,0,0,0,22.9
9/4/2016,59267,0,0,0,23.74
9/5/2016,59295,0,0,0,26.27
9/6/2016,59295,0,0,0,25.61
9/7/2016,59321,0,0,0,26.17
9/8/2016,59279,0,0,0,26.98
9/9/2016,59413,0,0,0,28.9
9/10/2016,59323,0,0,0,27.97
9/11/2016,59463,0,0,0,26.63
9/12/2016,59504,0,0,0,22.8
9/13/2016,59527,0,0,0,24.44
9/14/2016,59548,0,0,0,27.76
9/15/2016,59662,0,0,0,21.92
9/16/2016,59609,0,0,0,21.11
9/17/2016,59660,0,0,0,23.01
9/18/2016,59698,0,0,0,25.83
9/19/2016,59734,0,0,0,23.08
9/20/2016,59786,0,0,0,24.95
9/21/2016,59853,0,0,0,26.26
9/22/2016,59763,0,0,0,25.29
9/23/2016,59787,0,0,0,26.5
9/24/2016,59624,0,0,0,21.51
9/25/2016,59857,0,0,0,20.26
9/26/2016,59939,0,0,0,21.13
9/27/2016,59784,0,0,0,21.35
9/28/2016,59948,0,0,0,20.24
9/29/2016,59918,0,0,0,18.22
9/30/2016,59770,0,0,0,17.69
10/1/2016,59718,0,0,0,18.44
10/2/2016,59887,0,0,0,19.05
10/3/2016,59791,0,0,0,20.69
10/4/2016,59874,0,0,0,20.07
10/5/2016,59816,0,0,0,18.73
10/6/2016,59928,0,0,0,19.85
10/7/2016,59784,0,0,0,20.42
10/8/2016,59727,0,0,0,20.04
10/9/2016,59887,0,0,0,18.47
10/10/2016,59908,0,0,0,17.19
10/11/2016,59940,0,0,0,15.81
10/12/2016,59962,0,0,0,17.95
10/13/2016,59999,0,0,0,19.58
10/14/2016,59966,0,0,0,16.5
10/15/2016,59888,0,0,0,16.77
10/16/2016,59993,0,0,0,20.01
10/17/2016,59964,0,0,0,22.76
10/18/2016,60017,0,0,0,22.72
10/19/2016,60030,0,0,0,25.78
10/20/2016,60059,0,0,0,19.78
10/21/2016,59807,0,0,0,21.23
10/22/2016,59830,0,0,0,17.81
10/23/2016,59917,0,0,0,16.79
10/24/2016,59898,0,0,0,16.48
10/25/2016,60098,0,0,0,12.26
10/26/2016,60127,0,0,0,10.93
10/27/2016,60233,0,0,0,15.37
10/28/2016,60180,0,0,0,14.11
10/29/2016,60133,0,0,0,16.7
10/30/2016,60243,0,0,0,20.05
10/31/2016,60252,0,0,0,12.64
11/1/2016,60252,0,0,0,14.25
11/2/2016,60231,0,0,0,18.11
11/3/2016,60283,0,0,0,18.89
11/4/2016,60253,0,0,0,15.17
11/5/2016,60272,0,0,0,15.98
11/6/2016,60399,0,0,0,13.61
11/7/2016,60418,0,0,0,11.38
11/8/2016,60373,0,0,0,16.79
11/9/2016,60540,0,0,0,14.19
11/10/2016,60569,0,0,0,12.88
11/11/2016,60578,0,0,0,15.58
11/12/2016,60579,0,0,0,10.14
11/13/2016,60699,0,0,0,14.31
11/14/2016,60674,0,0,0,14.67
11/15/2016,60588,0,0,0,12.51
11/16/2016,60667,0,0,0,15.15
11/17/2016,60709,0,0,0,15.13
11/18/2016,60608,0,0,0,15.71
11/19/2016,60318,0,0,0,14.44
11/20/2016,60424,0,0,0,6.08
11/21/2016,60445,0,0,0,5.61
11/22/2016,60507,0,0,0,6.14
11/23/2016,60504,0,0,0,7.83
11/24/2016,60577,0,1,0,11.7
11/25/2016,60484,0,0,0,11.63
11/26/2016,60504,0,0,0,10.53
11/27/2016,60582,0,0,0,9.61
11/28/2016,60602,0,0,0,10.23
11/29/2016,60553,0,0,0,14.23
11/30/2016,60579,0,0,0,13.48
12/1/2016,60567,0,0,0,14.69
12/2/2016,60563,0,0,0,9.95
12/3/2016,60488,0,0,0,8.59
12/4/2016,60671,0,0,0,7.01
12/5/2016,60686,0,0,0,8.94
12/6/2016,60667,0,0,0,8.08
12/7/2016,60702,0,0,0,7.42
12/8/2016,60623,0,0,0,6.82
12/9/2016,60531,0,0,0,4.12
12/10/2016,60449,0,0,0,2.51
12/11/2016,60384,0,0,0,5.38
12/12/2016,60480,0,0,0,7.13
12/13/2016,60581,0,0,0,4.94
12/14/2016,60662,0,0,0,5.47
12/15/2016,60688,0,0,0,3.01
12/16/2016,60552,0,0,0,-0.75
12/17/2016,60447,0,0,0,6.16
12/18/2016,60434,0,0,0,12.54
12/19/2016,60494,0,0,0,-0.02
12/20/2016,60401,0,0,0,1.06
12/21/2016,60382,0,0,0,3.98
12/22/2016,60313,0,0,0,7.47
12/23/2016,60172,0,0,0,6.38
12/24/2016,59972,0,0,0,6.37
12/25/2016,60080,0,0,1,7.74
12/26/2016,60106,0,0,0,7.88
12/27/2016,60115,0,0,0,12.74
12/28/2016,60187,0,0,0,5.11
12/29/2016,60141,0,0,0,8.58
12/30/2016,59943,0,0,0,4.5
12/31/2016,59644,0,0,0,5.88
1/1/2017,59895,0,0,0,7.74
1/2/2017,60056,0,0,0,6.4
1/3/2017,60022,0,0,0,7.77
1/4/2017,60041,0,0,0,9.31
1/5/2017,60150,0,0,0,0.76
1/6/2017,60091,0,0,0,1.34
1/7/2017,60215,0,0,0,-1.85
1/8/2017,60249,0,0,0,-3.39
1/9/2017,60373,0,0,0,-3.6
1/10/2017,60237,0,0,0,6.4
1/11/2017,60248,0,0,0,7.46
1/12/2017,60244,0,0,0,12.5
1/13/2017,60259,0,0,0,10.23
1/14/2017,60198,0,0,0,1.06
1/15/2017,60188,0,0,0,3.51
1/16/2017,60115,0,0,0,4.26
1/17/2017,60306,0,0,0,5.26
1/18/2017,60306,0,0,0,5.38
1/19/2017,60275,0,0,0,7.55
1/20/2017,60240,0,0,0,6.73
1/21/2017,60226,0,0,0,7.86
1/22/2017,60226,0,0,0,8.78
1/23/2017,60226,0,0,0,6.19
1/24/2017,60226,0,0,0,4.94
1/25/2017,60226,0,0,0,7.12
1/26/2017,60424,0,0,0,8.44
1/27/2017,60334,0,0,0,5.05
1/28/2017,60246,0,0,0,3.64
1/29/2017,60309,0,0,0,4.73
1/30/2017,60403,0,0,0,2.24
1/31/2017,60321,0,0,0,2.68
2/1/2017,60183,0,0,0,6.41
2/2/2017,60109,0,0,0,5.6
2/3/2017,60073,0,0,0,0.23
2/4/2017,60112,0,0,0,1.12
2/5/2017,60229,0,0,0,4.84
2/6/2017,60330,0,0,0,6.17
2/7/2017,60179,0,0,0,6.84
2/8/2017,60198,0,0,0,12.44
2/9/2017,60311,0,0,0,3.8
2/10/2017,60198,0,0,0,-0.49
2/11/2017,60076,0,0,0,4.75
2/12/2017,60111,0,0,0,4.76
2/13/2017,60097,0,0,0,2.8
2/14/2017,60155,0,0,0,2.94
2/15/2017,60126,0,0,0,4.67
2/16/2017,60105,0,0,0,1.23
2/17/2017,60033,0,0,0,3.8
2/18/2017,59976,0,0,0,9.58
2/19/2017,59966,0,0,0,12.76
2/20/2017,60048,0,0,0,8.57
2/21/2017,60061,0,0,0,5.76
2/22/2017,59972,0,0,0,8.98
2/23/2017,59955,0,0,0,11.9
2/24/2017,59843,0,0,0,12.91
2/25/2017,59866,0,0,0,11.72
2/26/2017,59944,0,0,0,5.78
2/27/2017,59997,0,0,0,7.86
2/28/2017,59909,0,0,0,11.01
3/1/2017,59830,0,0,0,13.78
3/2/2017,59794,0,0,0,13.13
3/3/2017,59757,0,0,0,2.65
3/4/2017,59738,0,0,0,-0.85
3/5/2017,59758,0,0,0,1.01
3/6/2017,59910,0,0,0,4.09
3/7/2017,59842,0,0,0,8.86
3/8/2017,59735,0,0,0,10.76
3/9/2017,59793,0,0,0,11.44
3/10/2017,59597,0,0,0,5.25
3/11/2017,59630,0,0,0,-1.38
3/12/2017,59582,0,0,0,-0.81
3/13/2017,59851,0,0,0,0.87
3/14/2017,59860,0,0,0,3.87
3/15/2017,59830,0,0,0,-2.55
3/16/2017,59760,0,0,0,1.8
3/17/2017,59686,0,0,0,4.25
3/18/2017,59464,0,0,0,4.72
3/19/2017,59489,0,0,0,5.94
3/20/2017,59537,0,0,0,7.62
3/21/2017,59374,0,0,0,10.33
3/22/2017,59377,0,0,0,5.65
3/23/2017,59404,0,0,0,4.22
3/24/2017,59281,0,0,0,8.74
3/25/2017,59158,0,0,0,10.16
3/26/2017,59244,0,0,0,5.49
3/27/2017,59355,0,0,0,10.47
3/28/2017,59253,0,0,0,7.69
3/29/2017,59244,0,0,0,10.69
3/30/2017,59240,0,0,0,7.66
3/31/2017,59042,0,0,0,6.44
4/1/2017,58774,0,0,0,7.19
4/2/2017,58793,0,0,0,11.76
4/3/2017,58983,0,0,0,10.14
4/4/2017,58963,0,0,0,12.69
4/5/2017,58965,0,0,0,12.61
4/6/2017,58881,0,0,0,12.59
4/7/2017,58803,0,0,0,8.16
4/8/2017,58790,0,0,0,9.73
4/9/2017,58872,0,0,0,12.05
4/10/2017,58918,0,0,0,13.95
4/11/2017,58869,0,0,0,14.9
4/12/2017,58793,0,0,0,16.32
4/13/2017,58793,0,0,0,13.73
4/14/2017,58793,0,0,0,12.38
4/15/2017,58793,0,0,0,11.58
4/16/2017,58793,1,0,0,19.97
4/17/2017,58793,0,0,0,16.15
4/18/2017,58835,0,0,0,12.69
4/19/2017,58921,0,0,0,9.67
4/20/2017,58930,0,0,0,13.87
4/21/2017,58860,0,0,0,11.44
4/22/2017,58927,0,0,0,12.26
4/23/2017,59031,0,0,0,12.3
4/24/2017,59051,0,0,0,11.47
4/25/2017,59038,0,0,0,11.94
4/26/2017,59011,0,0,0,13.87
4/27/2017,59059,0,0,0,14.84
4/28/2017,58927,0,0,0,19.97
4/29/2017,58756,0,0,0,20.81
4/30/2017,58878,0,0,0,13.86
5/1/2017,58892,0,0,0,17.23
5/2/2017,58702,0,0,0,18.36
5/3/2017,58803,0,0,0,14.48
5/4/2017,58704,0,0,0,12.48
5/5/2017,58543,0,0,0,14.13
5/6/2017,58506,0,0,0,14.48
5/7/2017,58644,0,0,0,12.55
5/8/2017,58753,0,0,0,12.61
5/9/2017,58721,0,0,0,13.65
5/10/2017,58745,0,0,0,13.72
5/11/2017,58750,0,0,0,13.18
5/12/2017,58646,0,0,0,13.17
5/13/2017,58695,0,0,0,10.86
5/14/2017,58695,0,0,0,15.74
5/15/2017,58619,0,0,0,16.08
5/16/2017,58634,0,0,0,18.82
5/17/2017,58809,0,0,0,20.52
5/18/2017,58667,0,0,0,23.09
5/19/2017,58621,0,0,0,23.83
5/20/2017,58693,0,0,0,15.53
5/21/2017,58703,0,0,0,14.89
5/22/2017,58716,0,0,0,15.11
5/23/2017,58581,0,0,0,18.55
5/24/2017,58581,0,0,0,16.4
5/25/2017,58581,0,0,0,15.62
5/26/2017,58581,0,0,0,19.73
5/27/2017,58581,0,0,0,19.37
5/28/2017,58541,0,0,0,16.64
5/29/2017,58550,0,0,0,14.08
5/30/2017,58505,0,0,0,14.6
5/31/2017,58412,0,0,0,19.48
6/1/2017,58261,0,0,0,21.02
6/2/2017,58322,0,0,0,19.65
6/3/2017,58200,0,0,0,18.8
6/4/2017,58349,0,0,0,18.12
6/5/2017,58474,0,0,0,19.25
6/6/2017,58302,0,0,0,14.97
6/7/2017,58463,0,0,0,17.39
6/8/2017,58381,0,0,0,16.72
6/9/2017,58298,0,0,0,21.76
6/10/2017,58210,0,0,0,22.09
6/11/2017,58257,0,0,0,24.08
6/12/2017,58238,0,0,0,25.87
6/13/2017,58168,0,0,0,26.29
6/14/2017,58264,0,0,0,22.16
6/15/2017,58250,0,0,0,19.76
6/16/2017,58195,0,0,0,19.69
6/17/2017,58180,0,0,0,21.23
6/18/2017,58284,0,0,0,23.29
6/19/2017,58404,0,0,0,23.55
6/20/2017,58218,0,0,0,24.15
6/21/2017,58245,0,0,0,24.19
6/22/2017,58245,0,0,0,23.17
6/23/2017,58245,0,0,0,24.05
6/24/2017,58245,0,0,0,25.12
6/25/2017,58290,0,0,0,23.66
6/26/2017,58273,0,0,0,22.32
6/27/2017,58351,0,0,0,22.12
6/28/2017,58369,0,0,0,22.68
6/29/2017,58371,0,0,0,22.91
6/30/2017,58159,0,0,0,23.69
7/1/2017,58141,0,0,0,23.33
7/2/2017,58134,0,0,0,25.65
7/3/2017,58101,0,0,0,25.72
7/4/2017,57937,0,0,0,25.73
7/5/2017,58128,0,0,0,23.58
7/6/2017,58160,0,0,0,22.07
7/7/2017,58153,0,0,0,23.02
7/8/2017,58157,0,0,0,25.83
7/9/2017,58250,0,0,0,24.7
7/10/2017,58273,0,0,0,24.94
7/11/2017,58271,0,0,0,26.31
7/12/2017,58319,0,0,0,27.14
7/13/2017,58257,0,0,0,28.37
7/14/2017,58356,0,0,0,22.73
7/15/2017,58376,0,0,0,26.01
7/16/2017,58479,0,0,0,25.51
7/17/2017,58483,0,0,0,25.38
7/18/2017,58417,0,0,0,25.98
7/19/2017,58482,0,0,0,28.35
7/20/2017,58498,0,0,0,28.97
7/21/2017,58438,0,0,0,29.09
7/22/2017,58450,0,0,0,28.23
7/23/2017,58490,0,0,0,24.28
7/24/2017,58491,0,0,0,23.7
7/25/2017,58515,0,0,0,21.03
7/26/2017,58575,0,0,0,22.23
7/27/2017,58595,0,0,0,23.87
7/28/2017,58513,0,0,0,24.82
7/29/2017,58491,0,0,0,21.9
7/30/2017,58553,0,0,0,24.79
7/31/2017,58574,0,0,0,26.05
8/1/2017,58365,0,0,0,27.73
8/2/2017,58448,0,0,0,25.37
8/3/2017,58528,0,0,0,25.4
8/4/2017,58519,0,0,0,25.42
8/5/2017,58562,0,0,0,25.25
8/6/2017,58765,0,0,0,23.81
8/7/2017,58803,0,0,0,22.21
8/8/2017,58728,0,0,0,24.13
8/9/2017,58675,0,0,0,25.17
8/10/2017,58836,0,0,0,24.43
8/11/2017,58733,0,0,0,24.11
8/12/2017,58752,0,0,0,24.15
8/13/2017,58916,0,0,0,26.37
8/14/2017,58979,0,0,0,24.64
8/15/2017,58975,0,0,0,23.43
8/16/2017,59114,0,0,0,27.13
8/17/2017,58945,0,0,0,24.59
8/18/2017,58876,0,0,0,25.86
8/19/2017,58802,0,0,0,27.12
8/20/2017,58957,0,0,0,26.17
8/21/2017,59052,0,0,0,26.59
8/22/2017,58992,0,0,0,27.33
8/23/2017,59071,0,0,0,25.55
8/24/2017,59126,0,0,0,24.95
8/25/2017,59112,0,0,0,24.19
8/26/2017,59027,0,0,0,23.39
8/27/2017,59103,0,0,0,23.23
8/28/2017,59271,0,0,0,22.33
8/29/2017,59311,0,0,0,20.44
8/30/2017,59512,0,0,0,23.57
8/31/2017,59502,0,0,0,25.23
9/1/2017,59352,0,0,0,20.91
9/2/2017,59271,0,0,0,19.6
9/3/2017,59480,0,0,0,22.01
9/4/2017,59401,0,0,0,23.77
9/5/2017,59556,0,0,0,24.83
9/6/2017,59514,0,0,0,22.03
9/7/2017,59575,0,0,0,21.92
9/8/2017,59597,0,0,0,21.55
9/9/2017,59530,0,0,0,20.57
9/10/2017,59625,0,0,0,21.62
9/11/2017,59832,0,0,0,22.82
9/12/2017,59775,0,0,0,23.86
9/13/2017,59812,0,0,0,23.79
9/14/2017,59863,0,0,0,24.36
9/15/2017,59811,0,0,0,24.34
9/16/2017,59835,0,0,0,23.75
9/17/2017,59971,0,0,0,23.55
9/18/2017,59882,0,0,0,23.38
9/19/2017,59966,0,0,0,22.12
9/20/2017,60019,0,0,0,24.33
9/21/2017,60116,0,0,0,23.73
9/22/2017,60040,0,0,0,25.26
9/23/2017,60114,0,0,0,27.15
9/24/2017,60111,0,0,0,26.3
9/25/2017,60021,0,0,0,25.1
9/26/2017,60056,0,0,0,23.56
9/27/2017,60094,0,0,0,25.35
9/28/2017,60143,0,0,0,24.3
9/29/2017,59922,0,0,0,19.77
9/30/2017,59889,0,0,0,17.99
10/1/2017,60097,0,0,0,18.73
10/2/2017,60045,0,0,0,20.67
10/3/2017,60148,0,0,0,18.98
10/4/2017,60214,0,0,0,21.15
10/5/2017,60051,0,0,0,23.94
10/6/2017,60050,0,0,0,23.94
10/7/2017,59885,0,0,0,22.71
10/8/2017,60010,0,0,0,23.23
10/9/2017,60089,0,0,0,22.77
10/10/2017,60237,0,0,0,24.85
10/11/2017,60350,0,0,0,22.15
10/12/2017,60334,0,0,0,18.1
10/13/2017,60317,0,0,0,18.63
10/14/2017,60147,0,0,0,21.47
10/15/2017,60335,0,0,0,22
10/16/2017,60436,0,0,0,19.23
10/17/2017,60305,0,0,0,14.4
10/18/2017,60525,0,0,0,20.55
10/19/2017,60525,0,0,0,19.82
10/20/2017,60447,0,0,0,21.26
10/21/2017,60519,0,0,0,21.76
10/22/2017,60537,0,0,0,20.37
10/23/2017,60358,0,0,0,20.6
10/24/2017,60381,0,0,0,21.23
10/25/2017,60452,0,0,0,18.2
10/26/2017,60457,0,0,0,16.44
10/27/2017,60216,0,0,0,16.13
10/28/2017,60182,0,0,0,18.8
10/29/2017,60310,0,0,0,19.32
10/30/2017,60351,0,0,0,16.89
10/31/2017,60178,0,0,0,13.93
11/1/2017,60109,0,0,0,15.24
11/2/2017,59993,0,0,0,19.5
11/3/2017,59993,0,0,0,19.73
11/4/2017,59993,0,0,0,13.33
11/5/2017,60066,0,0,0,16.45
11/6/2017,60265,0,0,0,18.4
11/7/2017,60217,0,0,0,10.19
11/8/2017,60279,0,0,0,9.9
11/9/2017,60218,0,0,0,12.26
11/10/2017,60248,0,0,0,12.15
11/11/2017,60078,0,0,0,3.87
11/12/2017,60287,0,0,0,8.07
11/13/2017,60305,0,0,0,8.93
11/14/2017,60325,0,0,0,8.21
11/15/2017,60352,0,0,0,10.73
11/16/2017,60381,0,0,0,13.56
11/17/2017,60381,0,0,0,9.08
11/18/2017,60163,0,0,0,14.17
11/19/2017,60208,0,0,0,15.01
11/20/2017,60363,0,0,0,8.41
11/21/2017,60368,0,0,0,13.22
11/22/2017,60316,0,0,0,12.68
11/23/2017,60215,0,1,0,5.56
11/24/2017,60261,0,0,0,9.62
11/25/2017,60113,0,0,0,12.3
11/26/2017,60179,0,0,0,8.6
11/27/2017,60279,0,0,0,10.36
11/28/2017,60341,0,0,0,11.23
11/29/2017,60375,0,0,0,14.4
11/30/2017,60230,0,0,0,11.06
12/1/2017,60149,0,0,0,10.37
12/2/2017,60164,0,0,0,8.28
12/3/2017,60288,0,0,0,10.09
12/4/2017,60348,0,0,0,10.3
12/5/2017,60331,0,0,0,13.87
12/6/2017,60535,0,0,0,14.06
12/7/2017,60452,0,0,0,7.37
12/8/2017,60341,0,0,0,5.05
12/9/2017,60369,0,0,0,2.67
12/10/2017,60508,0,0,0,4.37
12/11/2017,60508,0,0,0,5.08
12/12/2017,60451,0,0,0,9.47
12/13/2017,60510,0,0,0,0.52
12/14/2017,60593,0,0,0,3.05
12/15/2017,60585,0,0,0,-0.9
12/16/2017,60447,0,0,0,4.55
12/17/2017,60509,0,0,0,3.29
12/18/2017,60480,0,0,0,7.63
12/19/2017,60358,0,0,0,10.69
12/20/2017,60359,0,0,0,7.36
12/21/2017,60383,0,0,0,3.72
12/22/2017,60308,0,0,0,9.02
12/23/2017,60176,0,0,0,11.44
12/24/2017,60207,0,0,0,5.14
12/25/2017,60286,0,0,1,6.51
12/26/2017,60228,0,0,0,-0.35
12/27/2017,60033,0,0,0,-2.02
12/28/2017,60079,0,0,0,-5.64
12/29/2017,60050,0,0,0,-3.81
12/30/2017,60017,0,0,0,-2.86
12/31/2017,59933,0,0,0,-4.52
1/1/2018,60099,0,0,0,-6.06
1/2/2018,60126,0,0,0,-2.89
1/3/2018,59843,0,0,0,-0.1
1/4/2018,60097,0,0,0,0.26
1/5/2018,59920,0,0,0,-6.34
1/6/2018,59892,0,0,0,-8.85
1/7/2018,60092,0,0,0,-6.25
1/8/2018,60160,0,0,0,0.62
1/9/2018,60044,0,0,0,4
1/10/2018,60108,0,0,0,4.2
1/11/2018,60296,0,0,0,5.9
1/12/2018,60213,0,0,0,9.07
1/13/2018,60177,0,0,0,10.01
1/14/2018,60401,0,0,0,-2.94
1/15/2018,60480,0,0,0,-0.85
1/16/2018,60441,0,0,0,4.06
1/17/2018,60531,0,0,0,3.86
1/18/2018,60560,0,0,0,0.59
1/19/2018,60537,0,0,0,2.58
1/20/2018,60630,0,0,0,7.36
1/21/2018,60703,0,0,0,7.19
1/22/2018,60647,0,0,0,6.18
1/23/2018,60732,0,0,0,11.69
1/24/2018,60795,0,0,0,4.09
1/25/2018,60845,0,0,0,0.96
1/26/2018,60843,0,0,0,1.8
1/27/2018,60797,0,0,0,7.78
1/28/2018,60861,0,0,0,7.87
1/29/2018,60903,0,0,0,5.19
1/30/2018,60915,0,0,0,2.2
1/31/2018,61038,0,0,0,0.86
2/1/2018,61029,0,0,0,4.18
2/2/2018,60950,0,0,0,2.8
2/3/2018,61002,0,0,0,-0.69
2/4/2018,61025,0,0,0,5.94
2/5/2018,61025,0,0,0,2.74
2/6/2018,61002,0,0,0,2.99
2/7/2018,61075,0,0,0,7.53
2/8/2018,60971,0,0,0,0.83
2/9/2018,60926,0,0,0,3.64
2/10/2018,60716,0,0,0,6.19
2/11/2018,60792,0,0,0,9.07
2/12/2018,60754,0,0,0,9.03
2/13/2018,60760,0,0,0,1.83
2/14/2018,60755,0,0,0,6.91
2/15/2018,60775,0,0,0,8.59
2/16/2018,60593,0,0,0,11.15
2/17/2018,60486,0,0,0,2.94
2/18/2018,60561,0,0,0,5.08
2/19/2018,60552,0,0,0,7.07
2/20/2018,60529,0,0,0,12.58
2/21/2018,60472,0,0,0,14.34
2/22/2018,60570,0,0,0,8.05
2/23/2018,60478,0,0,0,4.95
2/24/2018,60366,0,0,0,9.87
2/25/2018,60427,0,0,0,6.23
2/26/2018,60470,0,0,0,7.91
2/27/2018,60457,0,0,0,8.79
2/28/2018,60443,0,0,0,9.54
3/1/2018,60384,0,0,0,9.54
3/2/2018,60423,0,0,0,5.19
3/3/2018,60284,0,0,0,5.9
3/4/2018,60363,0,0,0,5.93
3/5/2018,60419,0,0,0,4.71
3/6/2018,60394,0,0,0,5.29
3/7/2018,60488,0,0,0,2.99
3/8/2018,60506,0,0,0,3.61
3/9/2018,60355,0,0,0,4.18
3/10/2018,60282,0,0,0,3.65
3/11/2018,60416,0,0,0,5.15
3/12/2018,60449,0,0,0,4.83
3/13/2018,60302,0,0,0,4.16
3/14/2018,60336,0,0,0,3.44
3/15/2018,60425,0,0,0,6.05
3/16/2018,60318,0,0,0,3
3/17/2018,60312,0,0,0,6.57
3/18/2018,60381,0,0,0,4.52
3/19/2018,60355,0,0,0,5.79
3/20/2018,60421,0,0,0,2.4
3/21/2018,60529,0,0,0,2.3
3/22/2018,60366,0,0,0,7.02
3/23/2018,60232,0,0,0,6.78
3/24/2018,60053,0,0,0,7.12
3/25/2018,60138,0,0,0,5.15
3/26/2018,60133,0,0,0,5.77
3/27/2018,60089,0,0,0,4.01
3/28/2018,60058,0,0,0,8.01
3/29/2018,59980,0,0,0,8.45
3/30/2018,59735,0,0,0,10.99
3/31/2018,59731,0,0,0,8.44
4/1/2018,59829,1,0,0,11.01
4/2/2018,59892,0,0,0,4.98
4/3/2018,59831,0,0,0,5.87
4/4/2018,59831,0,0,0,12.29
4/5/2018,59790,0,0,0,5.54
4/6/2018,59813,0,0,0,9.67
4/7/2018,59745,0,0,0,7.12
4/8/2018,59751,0,0,0,5.12
4/9/2018,59910,0,0,0,5.76
4/10/2018,59899,0,0,0,7.69
4/11/2018,59933,0,0,0,7.82
4/12/2018,59932,0,0,0,10.37
4/13/2018,59739,0,0,0,15.67
4/14/2018,59622,0,0,0,16.09
4/15/2018,59766,0,0,0,5.64
4/16/2018,59769,0,0,0,12.41
4/17/2018,59801,0,0,0,7.48
4/18/2018,59765,0,0,0,9.23
4/19/2018,59745,0,0,0,8.56
4/20/2018,59626,0,0,0,8.88
4/21/2018,59612,0,0,0,11.6
4/22/2018,59617,0,0,0,13.19
4/23/2018,59701,0,0,0,11.37
4/24/2018,59546,0,0,0,11.77
4/25/2018,59638,0,0,0,12.13
4/26/2018,59651,0,0,0,15.04
4/27/2018,59604,0,0,0,11.48
4/28/2018,59536,0,0,0,13.4
4/29/2018,59568,0,0,0,12.08
4/30/2018,59587,0,0,0,9.41
5/1/2018,59508,0,0,0,18.74
5/2/2018,59465,0,0,0,20.33
5/3/2018,59352,0,0,0,21.26
5/4/2018,59255,0,0,0,18.36
5/5/2018,59135,0,0,0,16.61
5/6/2018,59248,0,0,0,13.06
5/7/2018,59284,0,0,0,17.67
5/8/2018,59261,0,0,0,15.46
5/9/2018,59345,0,0,0,16.08
5/10/2018,59367,0,0,0,14.65
5/11/2018,59177,0,0,0,18.65
5/12/2018,59172,0,0,0,14.74
5/13/2018,59279,0,0,0,12.19
5/14/2018,59231,0,0,0,16.68
5/15/2018,59317,0,0,0,19.96
5/16/2018,59474,0,0,0,14.93
5/17/2018,59439,0,0,0,17.23
5/18/2018,59363,0,0,0,15.01
5/19/2018,59177,0,0,0,13.9
5/20/2018,59158,0,0,0,21.46
5/21/2018,59031,0,0,0,19.37
5/22/2018,59146,0,0,0,15.8
5/23/2018,59118,0,0,0,21.48
5/24/2018,59049,0,0,0,23.19
5/25/2018,58890,0,0,0,21.71
5/26/2018,58848,0,0,0,23.32
5/27/2018,58878,0,0,0,19.6
5/28/2018,58972,0,0,0,15.87
5/29/2018,58946,0,0,0,22.23
5/30/2018,58900,0,0,0,17.63
5/31/2018,58786,0,0,0,17.63
6/1/2018,58693,0,0,0,21.04
6/2/2018,58645,0,0,0,24.73
6/3/2018,58805,0,0,0,16.21
6/4/2018,58846,0,0,0,19.23
6/5/2018,58716,0,0,0,19.6
6/6/2018,58787,0,0,0,18.15
6/7/2018,58759,0,0,0,17.2
6/8/2018,58706,0,0,0,21.3
6/9/2018,58757,0,0,0,22.24
6/10/2018,58910,0,0,0,18.37
6/11/2018,58726,0,0,0,18.4
6/12/2018,58722,0,0,0,18.68
6/13/2018,58823,0,0,0,20.83
6/14/2018,58834,0,0,0,23.19
6/15/2018,58710,0,0,0,20.73
6/16/2018,58732,0,0,0,23.67
6/17/2018,58904,0,0,0,24.51
6/18/2018,58985,0,0,0,24.13
6/19/2018,58807,0,0,0,25.7
6/20/2018,58790,0,0,0,23.3
6/21/2018,58714,0,0,0,25.42
6/22/2018,58623,0,0,0,20.85
6/23/2018,58576,0,0,0,20.17
6/24/2018,58723,0,0,0,23.71
6/25/2018,58822,0,0,0,23.55
6/26/2018,58663,0,0,0,21.17
6/27/2018,58773,0,0,0,21.61
6/28/2018,58976,0,0,0,24.87
6/29/2018,58755,0,0,0,27.62
6/30/2018,58727,0,0,0,27.87
7/1/2018,58950,0,0,0,29.97
7/2/2018,59018,0,0,0,27.76
7/3/2018,59052,0,0,0,27.3
7/4/2018,58978,0,0,0,26.84
7/5/2018,59051,0,0,0,27.64
7/6/2018,58873,0,0,0,25.44
7/7/2018,58908,0,0,0,21.83
7/8/2018,59065,0,0,0,23.73
7/9/2018,59056,0,0,0,25.54
7/10/2018,59010,0,0,0,27.44
7/11/2018,59046,0,0,0,27.08
7/12/2018,58964,0,0,0,24.57
7/13/2018,58861,0,0,0,24.47
7/14/2018,58887,0,0,0,26.87
7/15/2018,59015,0,0,0,25.61
7/16/2018,58958,0,0,0,27.37
7/17/2018,58936,0,0,0,26.29
7/18/2018,59060,0,0,0,26.78
7/19/2018,59025,0,0,0,25.01
7/20/2018,58822,0,0,0,24.7
7/21/2018,58870,0,0,0,22.67
7/22/2018,58936,0,0,0,24.69
7/23/2018,58892,0,0,0,24.65
7/24/2018,58962,0,0,0,25.71
7/25/2018,59102,0,0,0,24.73
7/26/2018,59008,0,0,0,26.73
7/27/2018,58929,0,0,0,26.3
7/28/2018,58904,0,0,0,26.87
7/29/2018,59021,0,0,0,26.15
7/30/2018,58961,0,0,0,25.03
7/31/2018,58952,0,0,0,24.92
8/1/2018,58869,0,0,0,26.98
8/2/2018,58863,0,0,0,27.21
8/3/2018,58840,0,0,0,26.91
8/4/2018,58928,0,0,0,27.37
8/5/2018,59088,0,0,0,28.8
8/6/2018,59116,0,0,0,29.21
8/7/2018,59263,0,0,0,27.95
8/8/2018,59217,0,0,0,28.6
8/9/2018,59238,0,0,0,28.69
8/10/2018,59169,0,0,0,28.54
8/11/2018,59256,0,0,0,26.24
8/12/2018,59300,0,0,0,26.19
8/13/2018,59256,0,0,0,24.63
8/14/2018,59295,0,0,0,26.13
8/15/2018,59507,0,0,0,27.96
8/16/2018,59485,0,0,0,28.61
8/17/2018,59409,0,0,0,26.62
8/18/2018,59446,0,0,0,27.38
8/19/2018,59592,0,0,0,23.04
8/20/2018,59702,0,0,0,23.1
8/21/2018,59555,0,0,0,23.62
8/22/2018,59776,0,0,0,26.17
8/23/2018,59744,0,0,0,24.11
8/24/2018,59646,0,0,0,25.14
8/25/2018,59629,0,0,0,24.26
8/26/2018,59861,0,0,0,25.57
8/27/2018,59834,0,0,0,27.92
8/28/2018,59660,0,0,0,28.67
8/29/2018,59843,0,0,0,29.48
8/30/2018,59814,0,0,0,29.33
8/31/2018,59626,0,0,0,24.23
9/1/2018,59604,0,0,0,22.7
9/2/2018,59777,0,0,0,25.28
9/3/2018,59788,0,0,0,27.9
9/4/2018,59779,0,0,0,30.19
9/5/2018,59815,0,0,0,27.59
9/6/2018,59747,0,0,0,29.59
9/7/2018,59785,0,0,0,24.4
9/8/2018,59891,0,0,0,22.62
9/9/2018,60107,0,0,0,18.83
9/10/2018,60094,0,0,0,21.25
9/11/2018,60169,0,0,0,23.7
9/12/2018,60309,0,0,0,24.29
9/13/2018,60240,0,0,0,23.8
9/14/2018,60088,0,0,0,23.01
9/15/2018,60153,0,0,0,23.65
9/16/2018,60280,0,0,0,24.36
9/17/2018,60351,0,0,0,24.25
9/18/2018,60437,0,0,0,25.15
9/19/2018,60505,0,0,0,24.45
9/20/2018,60468,0,0,0,21.16
9/21/2018,60551,0,0,0,22.68
9/22/2018,60586,0,0,0,22.19
9/23/2018,60670,0,0,0,18.71
9/24/2018,60719,0,0,0,19.58
9/25/2018,60757,0,0,0,22.69
9/26/2018,60734,0,0,0,24.51
9/27/2018,60669,0,0,0,21.09
9/28/2018,60458,0,0,0,20.41
9/29/2018,60394,0,0,0,22.01
9/30/2018,60440,0,0,0,20.05
10/1/2018,60391,0,0,0,22.8
10/2/2018,60523,0,0,0,23.33
10/3/2018,60587,0,0,0,22.87
10/4/2018,60699,0,0,0,23.3
10/5/2018,60657,0,0,0,20
10/6/2018,60657,0,0,0,19.91
10/7/2018,60733,0,0,0,24.51
10/8/2018,60779,0,0,0,21.55
10/9/2018,60834,0,0,0,23.15
10/10/2018,60834,0,0,0,23.62
10/11/2018,60798,0,0,0,23.35
10/12/2018,60807,0,0,0,21.61
10/13/2018,60894,0,0,0,14.44
10/14/2018,60961,0,0,0,15.36
10/15/2018,60967,0,0,0,20.58
10/16/2018,60918,0,0,0,17.05
10/17/2018,61003,0,0,0,16.83
10/18/2018,60919,0,0,0,11.58
10/19/2018,60876,0,0,0,15.44
10/20/2018,60862,0,0,0,16.95
10/21/2018,60940,0,0,0,11.62
10/22/2018,60866,0,0,0,11.89
10/23/2018,60877,0,0,0,17.03
10/24/2018,60959,0,0,0,12.96
10/25/2018,60896,0,0,0,11.59
10/26/2018,60889,0,0,0,10.45
10/27/2018,60907,0,0,0,13.88
10/28/2018,60957,0,0,0,12.89
10/29/2018,60893,0,0,0,13.94
10/30/2018,60856,0,0,0,12.91
10/31/2018,60868,0,0,0,16.29
11/1/2018,60796,0,0,0,18.21
11/2/2018,60736,0,0,0,18.08
11/3/2018,60797,0,0,0,17.52
11/4/2018,60845,0,0,0,11.66
11/5/2018,60878,0,0,0,13.12
11/6/2018,60847,0,0,0,17.22
11/7/2018,61049,0,0,0,15.84
11/8/2018,61062,0,0,0,11.97
11/9/2018,60871,0,0,0,13.19
11/10/2018,60927,0,0,0,11.36
11/11/2018,61018,0,0,0,8.02
11/12/2018,61064,0,0,0,10.05
11/13/2018,61108,0,0,0,13.16
11/14/2018,61174,0,0,0,6.27
11/15/2018,61052,0,0,0,6.27
11/16/2018,61083,0,0,0,8.48
11/17/2018,61032,0,0,0,8.62
11/18/2018,61083,0,0,0,8.33
11/19/2018,61013,0,0,0,9.36
11/20/2018,61043,0,0,0,9.26
11/21/2018,60984,0,0,0,7.68
11/22/2018,60990,0,1,0,-0.59
11/23/2018,60946,0,0,0,1.43
11/24/2018,60834,0,0,0,10.72
11/25/2018,60777,0,0,0,11.54
11/26/2018,60870,0,0,0,11.47
11/27/2018,60911,0,0,0,8.33
11/28/2018,60934,0,0,0,5.4
11/29/2018,60992,0,0,0,7.51
11/30/2018,60793,0,0,0,6.19
12/1/2018,60719,0,0,0,7.88
12/2/2018,60813,0,0,0,13.4
12/3/2018,60847,0,0,0,11.09
12/4/2018,60955,0,0,0,6.12
12/5/2018,61074,0,0,0,2.96
12/6/2018,61061,0,0,0,4.42
12/7/2018,60936,0,0,0,4.21
12/8/2018,60879,0,0,0,2.09
12/9/2018,61085,0,0,0,2.34
12/10/2018,61065,0,0,0,3.52
12/11/2018,61048,0,0,0,3.94
12/12/2018,61104,0,0,0,4.47
12/13/2018,61162,0,0,0,6.3
12/14/2018,60902,0,0,0,8.59
12/15/2018,60924,0,0,0,8.42
12/16/2018,61005,0,0,0,7.06
12/17/2018,60978,0,0,0,7.73
12/18/2018,61022,0,0,0,3.12
12/19/2018,60949,0,0,0,4.57
12/20/2018,60887,0,0,0,9.52
12/21/2018,60779,0,0,0,12.26
12/22/2018,60726,0,0,0,9.73
12/23/2018,60720,0,0,0,5.48
12/24/2018,60521,0,0,0,6.07
12/25/2018,60602,0,0,1,4.37
12/26/2018,60644,0,0,0,4.98
12/27/2018,60562,0,0,0,5.58
12/28/2018,60466,0,0,0,10.73
12/29/2018,60442,0,0,0,9.38
12/30/2018,60450,0,0,0,3.99
12/31/2018,60488,0,0,0,8.62
1/1/2019,60570,0,0,0,12.29
1/2/2019,60717,0,0,0,4.47
1/3/2019,60734,0,0,0,5.94
1/4/2019,60644,0,0,0,6.49
1/5/2019,60692,0,0,0,7.05
1/6/2019,60907,0,0,0,7.73
1/7/2019,61033,0,0,0,2.19
1/8/2019,60967,0,0,0,6.99
1/9/2019,61113,0,0,0,7.15
1/10/2019,61164,0,0,0,1.23
1/11/2019,61328,0,0,0,-0.54
1/12/2019,61415,0,0,0,0.57
1/13/2019,61279,0,0,0,-0.24
1/14/2019,61255,0,0,0,0.32
1/15/2019,61196,0,0,0,1.36
1/16/2019,61291,0,0,0,3.37
1/17/2019,61298,0,0,0,0.94
1/18/2019,61173,0,0,0,4.01
1/19/2019,61167,0,0,0,3.73
1/20/2019,61227,0,0,0,8.31
1/21/2019,61288,0,0,0,-8.1
1/22/2019,61227,0,0,0,-0.45
1/23/2019,61248,0,0,0,6.2
1/24/2019,61254,0,0,0,11.19
1/25/2019,61186,0,0,0,3.14
1/26/2019,61137,0,0,0,0.71
1/27/2019,61115,0,0,0,6.3
1/28/2019,61155,0,0,0,1.92
1/29/2019,61189,0,0,0,5.29
1/30/2019,61251,0,0,0,1.01
1/31/2019,61204,0,0,0,-7.13
2/1/2019,61079,0,0,0,-6.06
2/2/2019,60995,0,0,0,0.19
2/3/2019,61003,0,0,0,5.43
2/4/2019,61059,0,0,0,7
2/5/2019,61019,0,0,0,10.82
2/6/2019,61084,0,0,0,5.3
2/7/2019,61029,0,0,0,5.16
2/8/2019,60999,0,0,0,9.14
2/9/2019,60921,0,0,0,0.19
2/10/2019,60891,0,0,0,1.04
2/11/2019,60891,0,0,0,2.29
2/12/2019,60878,0,0,0,4.82
2/13/2019,60932,0,0,0,4.46
2/14/2019,60965,0,0,0,4.61
2/15/2019,60811,0,0,0,8.38
2/16/2019,60834,0,0,0,5.46
2/17/2019,60802,0,0,0,1.36
2/18/2019,60730,0,0,0,5.06
2/19/2019,60798,0,0,0,1.18
2/20/2019,60661,0,0,0,3.02
2/21/2019,60678,0,0,0,5.98
2/22/2019,60607,0,0,0,4.35
2/23/2019,60622,0,0,0,3.54
2/24/2019,60673,0,0,0,6.9
2/25/2019,60694,0,0,0,3.98
2/26/2019,60665,0,0,0,1.45
2/27/2019,60620,0,0,0,0.12
2/28/2019,60536,0,0,0,1.51
3/1/2019,60373,0,0,0,2.12
3/2/2019,60365,0,0,0,3.09
3/3/2019,60500,0,0,0,3.76
3/4/2019,60670,0,0,0,2.31
3/5/2019,60450,0,0,0,-0.33
3/6/2019,60500,0,0,0,-3.33
3/7/2019,60624,0,0,0,-0.67
3/8/2019,60422,0,0,0,2.35
3/9/2019,60426,0,0,0,5.12
3/10/2019,60421,0,0,0,6.38
3/11/2019,60512,0,0,0,7.48
3/12/2019,60557,0,0,0,4.34
3/13/2019,60579,0,0,0,5.04
3/14/2019,60386,0,0,0,7.66
3/15/2019,60306,0,0,0,11.62
3/16/2019,60118,0,0,0,8.01
3/17/2019,60210,0,0,0,5.41
3/18/2019,60184,0,0,0,5.4
3/19/2019,60209,0,0,0,6.38
3/20/2019,60277,0,0,0,7.09
3/21/2019,60315,0,0,0,7.09
3/22/2019,60289,0,0,0,7.49
3/23/2019,60103,0,0,0,7.01
3/24/2019,60146,0,0,0,9.8
3/25/2019,60114,0,0,0,8.09
3/26/2019,60066,0,0,0,6.44
3/27/2019,60111,0,0,0,4.67
3/28/2019,60151,0,0,0,7.47
3/29/2019,60051,0,0,0,11.14
3/30/2019,59894,0,0,0,11.3
3/31/2019,59957,0,0,0,10.18
4/1/2019,59951,0,0,0,6.14
4/2/2019,60028,0,0,0,7.18
4/3/2019,59991,0,0,0,12.8
4/4/2019,59870,0,0,0,10.71
4/5/2019,59783,0,0,0,6.18
4/6/2019,59735,0,0,0,13.84
4/7/2019,59871,0,0,0,11.58
4/8/2019,59760,0,0,0,16.68
4/9/2019,58710,0,0,0,10.49
4/10/2019,58810,0,0,0,11.61
4/11/2019,58971,0,0,0,8.23
4/12/2019,58757,0,0,0,13.12
4/13/2019,58579,0,0,0,15.59
4/14/2019,58754,0,0,0,14.09
4/15/2019,58759,0,0,0,14.28
4/16/2019,58794,0,0,0,13.26
4/17/2019,58693,0,0,0,11.44
4/18/2019,58593,0,0,0,13.48
4/19/2019,58516,0,0,0,15.46
4/20/2019,58570,0,0,0,14.44
4/21/2019,58640,1,0,0,13.82
4/22/2019,58586,0,0,0,13.71
4/23/2019,58617,0,0,0,17.8
4/24/2019,58649,0,0,0,16.21
4/25/2019,58665,0,0,0,12.35
4/26/2019,58682,0,0,0,13.76
4/27/2019,58645,0,0,0,12.63
4/28/2019,58742,0,0,0,10.98
4/29/2019,58707,0,0,0,11.66
4/30/2019,58712,0,0,0,14.48
5/1/2019,58610,0,0,0,11.58
5/2/2019,58515,0,0,0,15.89
5/3/2019,58350,0,0,0,11.82
5/4/2019,58396,0,0,0,17.24
5/5/2019,58540,0,0,0,11.41
5/6/2019,58565,0,0,0,16.39
5/7/2019,58545,0,0,0,14.87
5/8/2019,58584,0,0,0,15.92
5/9/2019,58617,0,0,0,12.38
5/10/2019,58554,0,0,0,17.19
5/11/2019,58494,0,0,0,17.92
5/12/2019,58630,0,0,0,11.76
5/13/2019,58630,0,0,0,10.15
5/14/2019,58673,0,0,0,11.05
5/15/2019,58686,0,0,0,16.08
5/16/2019,58496,0,0,0,17.98
5/17/2019,58246,0,0,0,17.4
5/18/2019,58226,0,0,0,18.65
5/19/2019,58199,0,0,0,17.95
5/20/2019,58191,0,0,0,21.48
5/21/2019,58145,0,0,0,17.9
5/22/2019,58171,0,0,0,19.82
5/23/2019,58224,0,0,0,17.74
5/24/2019,58067,0,0,0,19.76
5/25/2019,58077,0,0,0,16.76
5/26/2019,58027,0,0,0,23.13
5/27/2019,57968,0,0,0,22.92
5/28/2019,58007,0,0,0,19.07
5/29/2019,58040,0,0,0,21.08
5/30/2019,58092,0,0,0,18.35
5/31/2019,57834,0,0,0,23.34
6/1/2019,57743,0,0,0,20.58
6/2/2019,57935,0,0,0,21.49
6/3/2019,58097,0,0,0,19.23
6/4/2019,58104,0,0,0,18.94
6/5/2019,58093,0,0,0,21.79
6/6/2019,58096,0,0,0,24.76
6/7/2019,57974,0,0,0,21.34
6/8/2019,57844,0,0,0,20.39
6/9/2019,57858,0,0,0,19.21
6/10/2019,58010,0,0,0,19.11
6/11/2019,58004,0,0,0,21.7
6/12/2019,58125,0,0,0,19.29
6/13/2019,58139,0,0,0,17.57
6/14/2019,58127,0,0,0,20.04
6/15/2019,58034,0,0,0,21.69
6/16/2019,58062,0,0,0,21.94
6/17/2019,58170,0,0,0,22.38
6/18/2019,58196,0,0,0,21
6/19/2019,58215,0,0,0,20.98
6/20/2019,58239,0,0,0,22.87
6/21/2019,58089,0,0,0,22.43
6/22/2019,57939,0,0,0,22.99
6/23/2019,58074,0,0,0,23.98
6/24/2019,58041,0,0,0,23.65
6/25/2019,58020,0,0,0,24.51
6/26/2019,58168,0,0,0,26.29
6/27/2019,58064,0,0,0,28.19
6/28/2019,58035,0,0,0,26.96
6/29/2019,57913,0,0,0,26.22
6/30/2019,57910,0,0,0,25.55
7/1/2019,57826,0,0,0,25.44
7/2/2019,57928,0,0,0,26.18
7/3/2019,58027,0,0,0,27.26
7/4/2019,57860,0,0,0,25.71
7/5/2019,58001,0,0,0,25.44
7/6/2019,57971,0,0,0,26.83
7/7/2019,58038,0,0,0,24.82
7/8/2019,58141,0,0,0,23.23
7/9/2019,58198,0,0,0,26.92
7/10/2019,58322,0,0,0,27.05
7/11/2019,58518,0,0,0,24.72
7/12/2019,58172,0,0,0,27.43
7/13/2019,58080,0,0,0,26.63
7/14/2019,58117,0,0,0,28
7/15/2019,58136,0,0,0,26.64
7/16/2019,58119,0,0,0,27.32
7/17/2019,58164,0,0,0,27.87
7/18/2019,58251,0,0,0,27.05
7/19/2019,58115,0,0,0,28.07
7/20/2019,57981,0,0,0,29.94
7/21/2019,57978,0,0,0,30.46
7/22/2019,58165,0,0,0,27.76
7/23/2019,58225,0,0,0,23.77
7/24/2019,58292,0,0,0,25.72
7/25/2019,58251,0,0,0,26.62
7/26/2019,58158,0,0,0,26.98
7/27/2019,58136,0,0,0,26.03
7/28/2019,58289,0,0,0,27.65
7/29/2019,58407,0,0,0,27.94
7/30/2019,58332,0,0,0,28.37
7/31/2019,58402,0,0,0,27.7
8/1/2019,58361,0,0,0,27.8
8/2/2019,58389,0,0,0,26.87
8/3/2019,58394,0,0,0,26.55
8/4/2019,58520,0,0,0,28.23
8/5/2019,58570,0,0,0,25.55
8/6/2019,58656,0,0,0,25
8/7/2019,58688,0,0,0,26.57
8/8/2019,58649,0,0,0,26.81
8/9/2019,58584,0,0,0,26.6
8/10/2019,58600,0,0,0,25.95
8/11/2019,58809,0,0,0,25.24
8/12/2019,58948,0,0,0,26.37
8/13/2019,58934,0,0,0,24.7
8/14/2019,59018,0,0,0,24.47
8/15/2019,59082,0,0,0,24.96
8/16/2019,58910,0,0,0,25.19
8/17/2019,58830,0,0,0,26.02
8/18/2019,59069,0,0,0,27.44
8/19/2019,59024,0,0,0,27.73
8/20/2019,58980,0,0,0,27.55
8/21/2019,59017,0,0,0,26.95
8/22/2019,59009,0,0,0,28.6
8/23/2019,58898,0,0,0,23.48
8/24/2019,58867,0,0,0,23.65
8/25/2019,58953,0,0,0,22.41
8/26/2019,59041,0,0,0,21.8
8/27/2019,58952,0,0,0,21.58
8/28/2019,59142,0,0,0,22.98
8/29/2019,59113,0,0,0,25.53
8/30/2019,58909,0,0,0,25.73
8/31/2019,58867,0,0,0,25.76
9/1/2019,58858,0,0,0,23.37
9/2/2019,58978,0,0,0,24.77
9/3/2019,59098,0,0,0,24.76
9/4/2019,59232,0,0,0,26.01
9/5/2019,59372,0,0,0,22.21
9/6/2019,59298,0,0,0,20
9/7/2019,59245,0,0,0,23.63
9/8/2019,59476,0,0,0,23.79
9/9/2019,59557,0,0,0,23.44
9/10/2019,59561,0,0,0,23.64
9/11/2019,59604,0,0,0,26.33
9/12/2019,59760,0,0,0,26.17
9/13/2019,59616,0,0,0,20.53
9/14/2019,59511,0,0,0,23.51
9/15/2019,59657,0,0,0,25.28
9/16/2019,59705,0,0,0,24.61
9/17/2019,59621,0,0,0,23.64
9/18/2019,59802,0,0,0,20.32
9/19/2019,59836,0,0,0,18.83
9/20/2019,59603,0,0,0,23.81
9/21/2019,59439,0,0,0,25.11
9/22/2019,59523,0,0,0,24.94
9/23/2019,59651,0,0,0,25.94
9/24/2019,59689,0,0,0,24.08
9/25/2019,59746,0,0,0,23.63
9/26/2019,59841,0,0,0,24.33
9/27/2019,59617,0,0,0,22.43
9/28/2019,59626,0,0,0,24.45
9/29/2019,59819,0,0,0,24.53
9/30/2019,59695,0,0,0,20.48
10/1/2019,59634,0,0,0,24.67
10/2/2019,59765,0,0,0,28.87
10/3/2019,59831,0,0,0,18.58
10/4/2019,59756,0,0,0,18.98
10/5/2019,59726,0,0,0,15.05
10/6/2019,59815,0,0,0,21.04
10/7/2019,59856,0,0,0,22.91
10/8/2019,59932,0,0,0,17.52
10/9/2019,59882,0,0,0,15.42
10/10/2019,59960,0,0,0,20.57
10/11/2019,59902,0,0,0,18.26
10/12/2019,59953,0,0,0,18.91
10/13/2019,60126,0,0,0,17.76
10/14/2019,60106,0,0,0,20.72
10/15/2019,60184,0,0,0,17.06
10/16/2019,60128,0,0,0,18.57
10/17/2019,59914,0,0,0,16.14
10/18/2019,60071,0,0,0,16.13
10/19/2019,59917,0,0,0,14.98
10/20/2019,59945,0,0,0,16.12
10/21/2019,60074,0,0,0,17.78
10/22/2019,60100,0,0,0,17.12
10/23/2019,60192,0,0,0,18.14
10/24/2019,60142,0,0,0,17.44
10/25/2019,60035,0,0,0,16.52
10/26/2019,60013,0,0,0,16.24
10/27/2019,60114,0,0,0,20.31
10/28/2019,60120,0,0,0,16.65
10/29/2019,60181,0,0,0,16.23
10/30/2019,60069,0,0,0,17.53
10/31/2019,60002,0,0,0,19.75
11/1/2019,59765,0,0,0,19.44
11/2/2019,59809,0,0,0,11.47
11/3/2019,59978,0,0,0,11.98
11/4/2019,59951,0,0,0,12.92
11/5/2019,59983,0,0,0,15.69
11/6/2019,60121,0,0,0,12.32
11/7/2019,60170,0,0,0,14.1
11/8/2019,60075,0,0,0,6.19
11/9/2019,60096,0,0,0,5.91
11/10/2019,60228,0,0,0,12.01
11/11/2019,60342,0,0,0,14.72
11/12/2019,60479,0,0,0,12.86
11/13/2019,60488,0,0,0,2.72
11/14/2019,60479,0,0,0,8.22
11/15/2019,60401,0,0,0,10.57
11/16/2019,60307,0,0,0,5.3
11/17/2019,60437,0,0,0,7.46
11/18/2019,60463,0,0,0,7.15
11/19/2019,60405,0,0,0,10.23
11/20/2019,60351,0,0,0,7.39
11/21/2019,60339,0,0,0,10.34
11/22/2019,60181,0,0,0,11.26
11/23/2019,60140,0,0,0,7.46
11/24/2019,60166,0,0,0,11.75
11/25/2019,60235,0,0,0,10.33
11/26/2019,60116,0,0,0,13.25
11/27/2019,59947,0,0,0,12.43
11/28/2019,59874,0,1,0,10.07
11/29/2019,59814,0,0,0,6.23
11/30/2019,59909,0,0,0,6.02
12/1/2019,60048,0,0,0,7.08
12/2/2019,60088,0,0,0,4.81
12/3/2019,60051,0,0,0,3.19
12/4/2019,59943,0,0,0,5.08
12/5/2019,59916,0,0,0,5.47
12/6/2019,59867,0,0,0,8.5
12/7/2019,59921,0,0,0,3.73
12/8/2019,60036,0,0,0,6.62
12/9/2019,60043,0,0,0,11.78
12/10/2019,59979,0,0,0,12.52
12/11/2019,60000,0,0,0,5.13
12/12/2019,60039,0,0,0,2.84
12/13/2019,59911,0,0,0,10.4
12/14/2019,59860,0,0,0,12.17
12/15/2019,59997,0,0,0,8.26
12/16/2019,60063,0,0,0,3.11
12/17/2019,59965,0,0,0,5.66
12/18/2019,59947,0,0,0,3.12
12/19/2019,59984,0,0,0,-2.24
12/20/2019,59868,0,0,0,0.56
12/21/2019,59847,0,0,0,2.15
12/22/2019,59917,0,0,0,5.95
12/23/2019,59927,0,0,0,8.22
12/24/2019,59513,0,0,0,6.55
12/25/2019,59655,0,0,1,6.81
12/26/2019,59693,0,0,0,6.98
12/27/2019,59402,0,0,0,9.74
12/28/2019,59289,0,0,0,8.47
12/29/2019,59277,0,0,0,7.22
12/30/2019,59347,0,0,0,7.76
12/31/2019,59027,0,0,0,7.37
1/1/2020,59378,0,0,0,4.07
1/2/2020,59380,0,0,0,7.88
1/3/2020,59251,0,0,0,8.13
1/4/2020,59244,0,0,0,9.68
1/5/2020,59541,0,0,0,5.14
1/6/2020,59498,0,0,0,7.01
1/7/2020,59583,0,0,0,5.75
1/8/2020,59626,0,0,0,4.68
1/9/2020,59813,0,0,0,2.59
1/10/2020,59647,0,0,0,8.94
1/11/2020,59683,0,0,0,12.09
1/12/2020,59774,0,0,0,14.58
1/13/2020,59847,0,0,0,8.22
1/14/2020,60002,0,0,0,7.58
1/15/2020,59905,0,0,0,8.7
1/16/2020,59915,0,0,0,8.62
1/17/2020,59867,0,0,0,0.55
1/18/2020,59790,0,0,0,3.63
1/19/2020,59837,0,0,0,5.54
1/20/2020,59869,0,0,0,-0.49
1/21/2020,59957,0,0,0,0.65
1/22/2020,59888,0,0,0,2.46
1/23/2020,59863,0,0,0,5.5
1/24/2020,59686,0,0,0,7.55
1/25/2020,59729,0,0,0,9.09
1/26/2020,59803,0,0,0,6.82
1/27/2020,59836,0,0,0,6.15
1/28/2020,59753,0,0,0,5.12
1/29/2020,59705,0,0,0,3.43
1/30/2020,59642,0,0,0,2.87
1/31/2020,59494,0,0,0,5.69
2/1/2020,59398,0,0,0,4.89
2/2/2020,59483,0,0,0,5.3
2/3/2020,59473,0,0,0,9.32
2/4/2020,58838,0,0,0,9.79
2/5/2020,58973,0,0,0,7.52
2/6/2020,58962,0,0,0,5.85
2/7/2020,58869,0,0,0,11.8
2/8/2020,58825,0,0,0,4.19
2/9/2020,58914,0,0,0,6.68
2/10/2020,58872,0,0,0,6.86
2/11/2020,58900,0,0,0,6.98
2/12/2020,58863,0,0,0,5.64
2/13/2020,58916,0,0,0,7.68
2/14/2020,58806,0,0,0,3.61
2/15/2020,58850,0,0,0,0.18
2/16/2020,58847,0,0,0,5.71
2/17/2020,58873,0,0,0,7.3
2/18/2020,58852,0,0,0,8.1
2/19/2020,58742,0,0,0,6.79
2/20/2020,58719,0,0,0,1.6
2/21/2020,58670,0,0,0,0.54
2/22/2020,58737,0,0,0,6.76
2/23/2020,58774,0,0,0,8.16
2/24/2020,58696,0,0,0,8.76
2/25/2020,58655,0,0,0,7.89
2/26/2020,58507,0,0,0,7.51
2/27/2020,58543,0,0,0,8.64
2/28/2020,58475,0,0,0,3.98
2/29/2020,58480,0,0,0,1.35
3/1/2020,58451,0,0,0,4.87
3/2/2020,58417,0,0,0,9.33
3/3/2020,58442,0,0,0,10.05
3/4/2020,58341,0,0,0,9.72
3/5/2020,58223,0,0,0,8.12
3/6/2020,58086,0,0,0,7.23
3/7/2020,58105,0,0,0,6.4
3/8/2020,58158,0,0,0,10.18
3/9/2020,58141,0,0,0,13.22
3/10/2020,58120,0,0,0,12.57
3/11/2020,58118,0,0,0,9.9
3/12/2020,58172,0,0,0,8.07
3/13/2020,57990,0,0,0,14.98
3/14/2020,57919,0,0,0,10.11
3/15/2020,58021,0,0,0,9.15
3/16/2020,57881,0,0,0,5.83
3/17/2020,57924,0,0,0,9.98
3/18/2020,57864,0,0,0,8.72
3/19/2020,57813,0,0,0,9.29
3/20/2020,57655,0,0,0,14.51
3/21/2020,57704,0,0,0,11.15
3/22/2020,57836,0,0,0,5.04
3/23/2020,57903,0,0,0,5.11
3/24/2020,57973,0,0,0,9.68
3/25/2020,57975,0,0,0,7.41
3/26/2020,57975,0,0,0,9.87
3/27/2020,57919,0,0,0,14.43
3/28/2020,58014,0,0,0,9.19
3/29/2020,58042,0,0,0,9.19
3/30/2020,58055,0,0,0,7.31
3/31/2020,58098,0,0,0,6.97
4/1/2020,58058,0,0,0,9.9
4/2/2020,57939,0,0,0,11.37
4/3/2020,57982,0,0,0,9.19
4/4/2020,57978,0,0,0,11.62
4/5/2020,58021,0,0,0,11.74
4/6/2020,57980,0,0,0,14.06
4/7/2020,57982,0,0,0,12.29
4/8/2020,57921,0,0,0,14.08
4/9/2020,57842,0,0,0,13.74
4/10/2020,57762,0,0,0,8.27
4/11/2020,57772,0,0,0,10.42
4/12/2020,57776,1,0,0,11.74
4/13/2020,57845,0,0,0,16.55
4/14/2020,57645,0,0,0,11.32
4/15/2020,57584,0,0,0,9.78
4/16/2020,57501,0,0,0,8.1
4/17/2020,57458,0,0,0,8.66
4/18/2020,57501,0,0,0,8.45
4/19/2020,57447,0,0,0,11.71
4/20/2020,57368,0,0,0,9.86
4/21/2020,57282,0,0,0,11.69
4/22/2020,57362,0,0,0,9.07
4/23/2020,57284,0,0,0,7.9
4/24/2020,57138,0,0,0,9.66
4/25/2020,57121,0,0,0,12.3
4/26/2020,57203,0,0,0,8.94
4/27/2020,57169,0,0,0,9.58
4/28/2020,57097,0,0,0,13.87
4/29/2020,56967,0,0,0,10.78
4/30/2020,56876,0,0,0,12.79
5/1/2020,56705,0,0,0,14.89
5/2/2020,56669,0,0,0,16.83
5/3/2020,56645,0,0,0,17.7
5/4/2020,56721,0,0,0,16.13
5/5/2020,56667,0,0,0,13.33
5/6/2020,56766,0,0,0,10.63
5/7/2020,56692,0,0,0,14.28
5/8/2020,56745,0,0,0,10.46
5/9/2020,56771,0,0,0,7.83
5/10/2020,56802,0,0,0,13.23
5/11/2020,56799,0,0,0,13.06
5/12/2020,56636,0,0,0,12.47
5/13/2020,56628,0,0,0,13.14
5/14/2020,56552,0,0,0,14.12
5/15/2020,56492,0,0,0,19.26
5/16/2020,56487,0,0,0,19.84
5/17/2020,56511,0,0,0,13.26
5/18/2020,56461,0,0,0,13.97
5/19/2020,56514,0,0,0,14.83
5/20/2020,56534,0,0,0,13.47
5/21/2020,56480,0,0,0,13.25
5/22/2020,56440,0,0,0,16.82
5/23/2020,56364,0,0,0,17.84
5/24/2020,56334,0,0,0,15.44
5/25/2020,56393,0,0,0,15.3
5/26/2020,56424,0,0,0,17.68
5/27/2020,56442,0,0,0,17.78
5/28/2020,56355,0,0,0,18.25
5/29/2020,56314,0,0,0,20.15
5/30/2020,56167,0,0,0,21.76
5/31/2020,56283,0,0,0,18
6/1/2020,56319,0,0,0,17.76
6/2/2020,56327,0,0,0,18.83
6/3/2020,56249,0,0,0,21.88
6/4/2020,56185,0,0,0,22.08
6/5/2020,56101,0,0,0,21.3
6/6/2020,56022,0,0,0,23.9
6/7/2020,56022,0,0,0,21.07
6/8/2020,56116,0,0,0,21.49
6/9/2020,56082,0,0,0,23.37
6/10/2020,56035,0,0,0,21.34
6/11/2020,56028,0,0,0,21.9
6/12/2020,55961,0,0,0,23.97
6/13/2020,55972,0,0,0,20.8
6/14/2020,56031,0,0,0,19.3
6/15/2020,56070,0,0,0,19.62
6/16/2020,56070,0,0,0,20.36
6/17/2020,55912,0,0,0,20.6
6/18/2020,55810,0,0,0,20.71
6/19/2020,55783,0,0,0,22.42
6/20/2020,55774,0,0,0,23.1
6/21/2020,55769,0,0,0,23.48
6/22/2020,55857,0,0,0,25.85
6/23/2020,55841,0,0,0,24.64
6/24/2020,55659,0,0,0,25.97
6/25/2020,55623,0,0,0,25.49
6/26/2020,55513,0,0,0,26.33
6/27/2020,55513,0,0,0,26.01
6/28/2020,55540,0,0,0,26.85
6/29/2020,55545,0,0,0,27.64
6/30/2020,55553,0,0,0,24.44
7/1/2020,55560,0,0,0,24.51
7/2/2020,55473,0,0,0,28.43
7/3/2020,55373,0,0,0,29.6
7/4/2020,55235,0,0,0,26.01
7/5/2020,55402,0,0,0,28.55
7/6/2020,55504,0,0,0,29.46
7/7/2020,55394,0,0,0,25.08
7/8/2020,55377,0,0,0,26.48
7/9/2020,55456,0,0,0,27.42
7/10/2020,55487,0,0,0,24.52
7/11/2020,55460,0,0,0,25.82
7/12/2020,55362,0,0,0,27.55
7/13/2020,55335,0,0,0,27.33
7/14/2020,55367,0,0,0,27.63
7/15/2020,55251,0,0,0,24.01
7/16/2020,55321,0,0,0,23.33
7/17/2020,55247,0,0,0,26.23
7/18/2020,55160,0,0,0,29.01
7/19/2020,55234,0,0,0,29.19
7/20/2020,55258,0,0,0,30.05
7/21/2020,55296,0,0,0,29.08
7/22/2020,55284,0,0,0,29.3
7/23/2020,55206,0,0,0,27.59
7/24/2020,55123,0,0,0,25.58
7/25/2020,55134,0,0,0,27.74
7/26/2020,55118,0,0,0,29.9
7/27/2020,55076,0,0,0,30.68
7/28/2020,55079,0,0,0,30.61
7/29/2020,55048,0,0,0,28.76
7/30/2020,55090,0,0,0,29.07
7/31/2020,54930,0,0,0,25.02
8/1/2020,54810,0,0,0,28.13
8/2/2020,54956,0,0,0,27.48
8/3/2020,54978,0,0,0,28.76
8/4/2020,54943,0,0,0,26.15
8/5/2020,54868,0,0,0,27.3
8/6/2020,54945,0,0,0,24.05
8/7/2020,54838,0,0,0,24
8/8/2020,54762,0,0,0,25.09
8/9/2020,54841,0,0,0,26.44
8/10/2020,54841,0,0,0,28.09
8/11/2020,54737,0,0,0,27.04
8/12/2020,54907,0,0,0,27.69
8/13/2020,54841,0,0,0,25.23
8/14/2020,54729,0,0,0,27.34
8/15/2020,54764,0,0,0,26.3
8/16/2020,54876,0,0,0,22.75
8/17/2020,54737,0,0,0,24.69
8/18/2020,54662,0,0,0,26.37
8/19/2020,54783,0,0,0,24.19
8/20/2020,54791,0,0,0,24.94
8/21/2020,54710,0,0,0,26.44
8/22/2020,54704,0,0,0,27.27
8/23/2020,54749,0,0,0,26.33
8/24/2020,54756,0,0,0,28.5
8/25/2020,54601,0,0,0,29.04
8/26/2020,54630,0,0,0,25.55
8/27/2020,54697,0,0,0,29.79
8/28/2020,54638,0,0,0,27.84
8/29/2020,54677,0,0,0,26.31
8/30/2020,54655,0,0,0,25.89
8/31/2020,54570,0,0,0,23.74
9/1/2020,54502,0,0,0,24.13
9/2/2020,54623,0,0,0,25.51
9/3/2020,54512,0,0,0,27.52
9/4/2020,54413,0,0,0,27.65
9/5/2020,54436,0,0,0,24.67
9/6/2020,54331,0,0,0,25.65
9/7/2020,54463,0,0,0,24.33
9/8/2020,54477,0,0,0,25.49
9/9/2020,54490,0,0,0,25.13
9/10/2020,54487,0,0,0,25.38
9/11/2020,54423,0,0,0,23.92
9/12/2020,54471,0,0,0,21.31
9/13/2020,54498,0,0,0,23.74
9/14/2020,54368,0,0,0,24.37
9/15/2020,54460,0,0,0,18.12
9/16/2020,54468,0,0,0,21.36
9/17/2020,54438,0,0,0,22.45
9/18/2020,54443,0,0,0,21.54
9/19/2020,54360,0,0,0,17.99
9/20/2020,54426,0,0,0,17.01
9/21/2020,54337,0,0,0,17.87
9/22/2020,54324,0,0,0,21.72
9/23/2020,54173,0,0,0,24.33
9/24/2020,54188,0,0,0,22.16
9/25/2020,54133,0,0,0,22.38
9/26/2020,54090,0,0,0,22.33
9/27/2020,54190,0,0,0,23.28
9/28/2020,54132,0,0,0,22.97
9/29/2020,54136,0,0,0,22.73
9/30/2020,54143,0,0,0,21.48
10/1/2020,54097,0,0,0,21.87
10/2/2020,54103,0,0,0,19.02
10/3/2020,53948,0,0,0,18.61
10/4/2020,54072,0,0,0,18.75
10/5/2020,54041,0,0,0,19.08
10/6/2020,54096,0,0,0,19.72
10/7/2020,54134,0,0,0,22.73
10/8/2020,54059,0,0,0,18.34
10/9/2020,54115,0,0,0,19.76
10/10/2020,54161,0,0,0,21.32
10/11/2020,54190,0,0,0,18.44
10/12/2020,54180,0,0,0,15.63
10/13/2020,54214,0,0,0,17.49
10/14/2020,54066,0,0,0,19.1
10/15/2020,54200,0,0,0,19.87
10/16/2020,54258,0,0,0,18.4
10/17/2020,54236,0,0,0,15.38
10/18/2020,54367,0,0,0,16.54
10/19/2020,54215,0,0,0,17.36
10/20/2020,54236,0,0,0,19.53
10/21/2020,54085,0,0,0,20.12
10/22/2020,54219,0,0,0,20.27
10/23/2020,54227,0,0,0,19.29
10/24/2020,54144,0,0,0,19.57
10/25/2020,54167,0,0,0,13.17
10/26/2020,54174,0,0,0,16.54
10/27/2020,54203,0,0,0,15.64
10/28/2020,54032,0,0,0,17.44
10/29/2020,54084,0,0,0,14.9
10/30/2020,54090,0,0,0,10.03
10/31/2020,54109,0,0,0,7.77
11/1/2020,54124,0,0,0,14.2
11/2/2020,54147,0,0,0,7.5
11/3/2020,54184,0,0,0,12.37
11/4/2020,54019,0,0,0,15.94
11/5/2020,54031,0,0,0,17.06
11/6/2020,53972,0,0,0,17.54
11/7/2020,53918,0,0,0,18.83
11/8/2020,54000,0,0,0,18.92
11/9/2020,53926,0,0,0,18.79
11/10/2020,53842,0,0,0,18.54
11/11/2020,53917,0,0,0,18.15
11/12/2020,53923,0,0,0,17.01
11/13/2020,54006,0,0,0,11.92
11/14/2020,54043,0,0,0,11.17
11/15/2020,54043,0,0,0,17.28
11/16/2020,54016,0,0,0,11.87
11/17/2020,54016,0,0,0,9.54
11/18/2020,53874,0,0,0,4.11
11/19/2020,53877,0,0,0,9.03
11/20/2020,53963,0,0,0,14.63
11/21/2020,53870,0,0,0,15.12
11/22/2020,53797,0,0,0,14.17
11/23/2020,53903,0,0,0,14.47
11/24/2020,53925,0,0,0,8.81
11/25/2020,54008,0,0,0,12.43
11/26/2020,53753,0,1,0,15.72
11/27/2020,53729,0,0,0,14.32
11/28/2020,53743,0,0,0,12.5
11/29/2020,53708,0,0,0,11.21
11/30/2020,53745,0,0,0,16.62
12/1/2020,53686,0,0,0,13.47
12/2/2020,53592,0,0,0,7.19
12/3/2020,53501,0,0,0,9.3
12/4/2020,53634,0,0,0,10.15
12/5/2020,53610,0,0,0,8.65
12/6/2020,53676,0,0,0,5.13
12/7/2020,53686,0,0,0,4.43
12/8/2020,53674,0,0,0,3.3
12/9/2020,53626,0,0,0,4.09
12/10/2020,53698,0,0,0,8.51
12/11/2020,53758,0,0,0,11.54
12/12/2020,53684,0,0,0,12.55
12/13/2020,53694,0,0,0,13.04
12/14/2020,53778,0,0,0,6.42
12/15/2020,53712,0,0,0,4.23
12/16/2020,53682,0,0,0,3.09
12/17/2020,53604,0,0,0,3.7
12/18/2020,53652,0,0,0,0.85
12/19/2020,53630,0,0,0,1.23
12/20/2020,53557,0,0,0,5.23
12/21/2020,53665,0,0,0,5.94
12/22/2020,53442,0,0,0,7.17
12/23/2020,53356,0,0,0,6.26
12/24/2020,53351,0,0,0,14.3
12/25/2020,53385,0,0,1,15.12
12/26/2020,53470,0,0,0,0.89
12/27/2020,53534,0,0,0,2.89
12/28/2020,53349,0,0,0,8.83
12/29/2020,53206,0,0,0,3.48
12/30/2020,53085,0,0,0,5.97
12/31/2020,52874,0,0,0,8.22
